Address,Token Id,Quantity
0xce846f8d6b41ecb734781c008c66ed7f38a43400,1,1
0xad026aa3ba898bcc90a67b3c2dbf55072b9d0afb,1,1
0xe06b2b2986444ec68158b68d487cb42c1eb88e38,1,1
0xa45cd9a7685cd9926e59c14305e3af275f280949,1,1
0xccd4a967b1dfb0baf7bf10ed63fc80ce7ab877f3,1,1
0x03358e766d67e98eec7913043927d6b16b75d14c,1,1
0x8badceb643ba884e959f92b5ab1c75685c419966,1,1
0x72db34299d4bb489993a49822708ce692cca3eb2,1,1
0x6d5c3c93735c888159548c50aa0ff86d0e09342a,1,1
0xeda457fa45eb650875ee42ad54aa314858a9cc3d,1,1
0x81780ca917b2f9acbca90d5fe079b0bd16ca19a6,1,1
0x962f171449d3dd573ffff59d34cc80e9f87c0e76,1,1
0x3d301fca08c158cf67886e9dad5968ecd638a625,1,1
0xc4907769994047cd5cf24513cfe9f10b0d1be2ea,1,1
0xad45dcb3808a4f95e7469d347e062cc759bd7c3e,1,1
0x5992976e6c7486e874cddf5ea3177a92e61ee22e,1,1
0x3869dbae46454efb20e20c136e751a272922530d,1,1
0x4a4c43230e64b397f6a0f11c8714f880741d5a9d,1,1
0x53527b460f7890652279bbaf5922654648bdc634,1,1
0x090f0a162fa59f360d4004e6146091ec5b0d06bd,1,1
0x694cd849bc80f3f772ab9aef4be2df3af054dc6b,1,1
0xc760bd60026ea79010ea71d147f220f052cc9bb6,1,1
0x88f762b19e6f5237c6c4f901a22e70f988e54901,1,1
0x76d4b0812445ace8db83031e495e6997542edc48,1,1
0x582a0a57a3ba31c421768de61241062aa8aec8f2,1,1
0xc4f8c2c2c7d268dc58b4a22cf98142f193aebf4d,1,1
0x8e1aeb8653f30e7147ae6f37e7ab1df1c0a87e9f,1,3
0xb5eed9af336a5e16752451bc335676441966b7d3,1,1
0x7ce8200abfcca8f42761d109e7455a2bac87ba10,5,1
0x2140b65cf13e63dc75c31deca6017bd24bd26d2a,5,1
0x0b68c1ebd706ad6c6c738d45b28bbc8544de47b7,5,1
0xe50cd5f38cfd3b9d7c0c29ae56656fcef22b89bb,5,1
0x76272e6608043ec3a2eb6741e4fa919037b0daea,5,1
0xe6b367d489456a5e6c97ea87070bfdb00fbb0677,5,1
0x09fea1283bf20407bcffe9772d07f188e4ab4ba9,5,1
0x7cfeda2b736bcf40334daab10c82f89d01d25666,5,1
0x7bf2af65b8b116c856cdc0f5d678e618b20addc9,5,1
0xf528c69dd8ed04cf2736a6935b7b16e0e9420826,5,1
0xa358184a06d948c65834e7250816fb7d43bd43c9,5,1
0xb8f657161bc707a5d9a6aa2412346e1fa608936c,5,1
0xeaf3a980feb43dbaea1fe42d2bfd78f2258f6136,5,1
0xbce26e59b082fb2eb589445859004ab63978485c,5,2
0x5af88ce7273f939b791e122f2268521066edd3b4,5,2
0xc280efaa2be9cc9643f01fb209d12c7da3266ef0,5,2
0xbc49a63279b1daedeea1550fbdca5b184932daf8,5,2
0xb5f788599d9d8e48b0dedfb0ec182d3f9bd1ceab,5,1
0x8ef6659bfda25b525a21a3dbb41bca3e20b8da0b,5,1
0x1ddf195dfd916aa3dc85c4beeeb3a53d76f4975e,5,1
0x45738bfd9cfc2d9646795c9e4327ff80e49490ab,5,1
0x9b7d3dcb12f7d22a47b45c26dc7a7530c766e8f4,5,1
0xf2c3542aea9e2f37794f91a068f945a5cf8df685,5,1
0xc71488da026be2530152f9783d7d81912de2b769,5,2
0xbce41c9c58e0ad33f0f975ea1a89ec070bf94df3,5,1
0x217c70a564a9bc0572426fc068eff0caf70e6b41,5,1
0xc314a6e28dd9bcc33fd6b68c0946195bf3f1655d,5,1
0xcb928e11ccdada6862ebcf7478f7eaecb410ff0e,5,3
0x6bf7b7e2f3b4e6cb1968c055de4bd185dc17fa44,5,1
0x27c580361f78fcf647def565d67941f95e85aae3,5,2
0xea194182f5d01ab4b38d0faaf98d36811b7084b9,5,1
0x518b870520476e08ee523a285e9255b443883885,5,1
0x471199bbaa8c69c792da066f284e8289f99ad44d,5,1
0x72d83253500310b2db40aeb6f974cb34fc32ad67,5,1
0xf8bf0af7aedbec73499947c0ef6dac5065aa2cbe,5,1
0xcfceaf63c6b45d6c906811d29596a40467ebfaa7,5,1
0xf5a3f562a132f40f44abd401d603373dc36c77c5,5,1
0xd9842dbdfd708e7ca8f0a18fd3ca882ebe896eeb,5,1
0x869c9fe2eeb90de5da26e115c3e3dadb7c461f5f,5,1
0xf3b0b9ed5db0c85c7e4384fbfa9fe50606b4c8a8,5,1
0x1ef96e83f63504ceea7f095e1ff69085a102f2a9,5,1
0xeb9f2f30ff5c065d868e6e1e8cb4e36715e88a3a,5,1
0x1b14c12e6d281037e1f117fd98501243473c7872,5,1
0xb824cd7c2ac197a2d64d9a0eac39c413f2b2a9ee,5,1
0x7f500b09ae458641fd0bc78335acf19994c73cc5,5,2
0xc3856a3a70832ffc6cd678dd0a674b680ba8ce44,5,1
0xb93c130767e845de12321f486c50c130233de11f,5,1
0x5a55aad519556a40fe4546f23a07500d2379cfaf,5,1
0xbb4ee717269b2b76a605c1de347591272974b714,5,1
0xad026aa3ba898bcc90a67b3c2dbf55072b9d0afb,5,2
0x1417ce750d81262a048e3dd53a7fc8efce2a40cc,5,1
0x6b06440a8451d3d3b758e6253c02a3b17f40e59e,5,1
0x105d282f06a3f08a5837cc58416474185bed7714,5,1
0x80504d9a641615274c7f72cd358c53f7b9c8ab3e,5,1
0xa160e89117daf8607e39dd2d7a265b0089325af1,5,1
0x7986c6042f33bc6854d492793d8281e26bcb8535,5,2
0xb6c5b1a489606028da263eda28063186f96fa921,5,2
0x4edb70cb0d32610f00061d7cc8bdb533f5f32a68,5,1
0x8e816a00da5e2a38d4ce5cce42dd10223fddc4e6,5,1
0xbdaefe578294842fb433769c6b0d95130099e96e,5,6
0xab270ad8a9d76fc473c086f5e90ad79e2e065831,5,1
0x9f0afc6405abd8494e901bb90a77dcc31e6a8ad5,5,1
0x86702b3b343af73eefde54d3b6123c3e588683ce,5,1
0xcc817ae7dc49c7966d0986bde83ca01e8e885a45,5,1
0x62cb7dedfbd5c411c6d5e4ad63b1739f04967b71,5,1
0xb488ce2064294788b0ba454655fd84c7b312f3d1,5,2
0x24803cccfe35207cc07afbcf5f5b041b03810d44,5,1
0x56b6f569e9c218c8cd6302c551caa0f2f1a7b840,5,1
0x65ad94bb30fb9949f20a02f641d118d20866b706,5,1
0x79c27340720306f6128472267ac7315ad3656a98,5,1
0x0b73c1b0f942fb6e3253bc0e8931d78b6a8aa540,5,3
0xf7dd7f599da261fff968e37688036c51fa7f661d,5,1
0x616ed054e0e0fdbfcad3fa2f42daed3d7d4ee448,5,1
0xc67933964d915fd296ecbf53bfacb41ab15fcbb9,5,1
0x185c7845348071f741f8ed461d1a7bcfe99ab2c3,5,2
0x67598330e4ce7a19840533f49239d96689f5a9d3,5,1
0x8e87de022825fdd85dae657998fe99d2a4e613c5,5,1
0x600b53a85cbfb0c8664e0e0e298b8b664e5103f3,5,1
0x1f5d045fd5f6e534ac1bc96170347f4274da9320,5,3
0x1b12cfbb480e5651cb1550b4b2bd83f145a790b9,5,1
0xb2d2b5d6019a0453d103d5d6b395d9bf5b08d2f6,5,1
0x221758f3f62ceb298d1f7958ec9d9401afbf6f93,5,1
0xbcfc298dcb78ce5079c7d16eccf1b01c5e0e1db4,5,1
0x5beb2202ced3fa25eac7a91dd34fc4cea6240415,5,1
0x1166f08e6607ef5531cbfafb62c24f9e7868c223,5,1
0x6b18ba01a4294604562d39554187819b632d5666,5,2
0xb9ea89c501afe889a37c75080a91a1b33e168c3e,5,1
0x35a6801b73ee6b98f18240d032db8d767a7a8b31,5,1
0x0ddb92119f32ae8b49b4143e404d023edbc4a5c8,5,1
0xd96ed646e09dc2d7087db3c8d3b0ca981a222b1b,5,1
0x52fe5fb6746a993c7b931971c084272c35e7db04,5,1
0xfa5570e3758061ef0b7c474567d9d1316fe78db9,5,1
0x2ec83276f01a140544b74966125839dd2e3f1e07,5,1
0x538a131f37c75ed8a0195eada19e0e8d0d66f3c8,5,1
0x5c8081fb5dc727d45e1f104dd2df5d52aec8e26f,5,1
0x9a88d803de1da79dc4fc3a17d1f4922e691c703e,5,1
0xd793a39aa284c179418eff321156eac0a1a10330,5,1
0x6ad743b6ee24a1a3349bfc9b42419a36168e76f5,5,1
0xf627a87799e33fd7192229304f223f8343154b92,5,1
0x5086394ed5f9e5d74a35f8368c7deaa3ccdc8a0c,5,1
0x3c270f4322bae8abeb8174730df24bbfc26813ad,5,1
0x54793c8f80f642ed4e200177bf845c61915ebc55,5,1
0x5f2b6b26b4de58093e07787d079a48be89b68cbf,5,1
0x81fb2189f9d04f4de5574f561bc70be5b96a28a1,5,1
0xf4318fa4d6680552dccb28539cc74c1f583ab138,5,1
0x9e635293c11f5f30a5c581d334449c024099ae35,5,1
0x69d62b87d953009308ad4a1f538102e27ab78df5,5,1
0xa5383508932a6d796e93058060fdde0217d13cf8,5,1
0xdb20427771c3a6e47867a0d204c50c188c50b93e,5,1
0xc3b94fc81d589733e80cc216ff4404f151c9d01d,5,1
0x6d39eb6bbc41d660e66982f99abd3c07f1ca26f7,5,1
0xc7308095865dca0ade595e88f91c41deba172a61,5,1
0x188408ef0c26225705f6cdea6148f3f8ed802348,5,1
0x11d4cb0dfb52a6cda63470fe3095871302b0f8c1,5,1
0xbb44a0e9ac0bc5f6aabdc10084db228a9f237d53,5,1
0xdfe6f7eae086661c77c8a2e2205e5dbbecbbc820,5,1
0x2659d72f84d9e347dfeeb8c51dbeba12ca54d35a,5,1
0x9341319a8a2395c70a24a7bfb16c2b6af8efa20d,5,1
0x428ff5a2698c0ce6d6e4f290009c947cec423aa9,5,1
0xe5af6264681a42b8c73055e98272e4634714cee7,5,1
0x619f7c0376a5e6e50d4c874a1cd4e8b42121dd87,5,1
0xd1eb6d6539de0dce661bc7e79b26eaf2dda3507d,5,2
0xee8566e2ad6c9d49aca3f37b6e71686f94d790ab,5,1
0xc89f42adad463cad50507a484e9c581cd7708916,5,1
0x1edc79d9faf26a428923707b8b3e7f9ddac65666,5,1
0xa5d981bc0bc57500ffedb2674c597f14a3cb68c1,5,1
0x8a8a534a3b884f2c7993f31d2932c1421691b167,5,2
0x258baa14bf4396b0ab4cd1399e9598512d99a4e3,5,1
0xf6c08e033bec353829018b4866424c6410975fde,5,1
0xfc18ade7d3d5109fd415d029d87ce9a52efa1a2d,5,1
0xd5b7ca6fa531184d5fe4ff301a9d1faa24c03ac6,5,1
0x2fe8ddb0fef30845d37cdfac5682b22c565fcd5f,5,1
0x5b1fa61553e4e67138ed25ab9e6b308caf7fe613,5,2
0x61e6eff695539063bcda2335bcb90bf078fcccc3,5,1
0x3bb0ed8c1e24dfda16c1f35388454784b22e7149,5,1
0xa43aca6e9563a8034683a321c7b23a088aba6f24,5,1
0xf2c06f90fb58844c09220e01e3116a2293df6960,5,1
0x1de5a059270a0529cfb18cf45cabb1f13379f67d,5,1
0x4461e1ab21e92161994cc37b984276c2ae1e8b2e,5,1
0x965744412af2fb5e294fe8ace81ef9c628405eea,5,1
0xa48eabca1fda60c7babd4b1e564f92169cf3d7e1,5,1
0x72fe3c398c9a030b9b2be1fe1ff07701167571d4,5,1
0x2bb74b5affecbf1c41b396a2ff4ebee9582ace02,5,1
0xf2a54663cacc1f62dde55e406cf9bf978f95e66b,5,1
0x4edf590ffdc44457bb7d33e5fdb85f8d5177208b,5,1
0xd45dfdfe5b324f5b59faf025ec6b47c31bc7cea8,5,1
0x32865e77b87afd69f45ffba54c451d98ffadd15b,5,1
0xd45aa0297b491fc42b8f920822cc61be37463381,5,1
0x2e5e0914e96f442bc1524bc4dea721a2fd509585,5,1
0x47e4dc4ef2000fb6ca1e29a06b5ad748b1a628bc,5,3
0x21e3913494e7f5ffce780afeedbfaf8c02181ba3,5,1
0x4184f399b416f5d2ae4fcd9a842253a9896e73cc,5,1
0xf8964d744657a29792165b8f8e495f3194596fa4,5,1
0x6edbc977abc94e1e649e4424b01a994f22a90db1,5,2
0x5dd5e32e7a48caf02f30ca90ae4ff26606be2e21,5,1
0x656e603426c0eec38c5e899df61020a7b3cac929,5,1
0x992069b749cd27318a2a5ab74c30164cbed9ed20,5,1
0x4461af738df5faf67c4357b3219cc779eabf895b,5,8
0x28b98e7f51b9e18852362965dee56994a6b32989,5,1
0x89b0ad8bab7356fa5024d2aa144a4fc2d072d56f,5,1
0x498f69b009f4e9f89f220a5d6104c165aed706a2,5,1
0x7258dc6dc529b531bae1579d190f193fa3706b4a,5,2
0xf6d90a8d43c51afff236b2b93ab76ce6007e2518,5,4
0x2ce2582ab45f11c494b06809769e9d67343db534,5,1
0x7dc99480b92120b5ff653891e62456b457fdc220,5,1
0x1d02909ce8115570135da8391b21df493ecbaa19,5,1
0xc0c36f34005f6add46ff273111d3003a7fbe96af,5,1
0x644664df70a8a97ebce211a3d5ed8172ef5634e2,5,1
0xd751e0b1dee5d6479b4903eb319369dfc7c9cb9f,5,2
0x39436e22ec425e93eb5c5136389b04854c142310,5,1
0x11e26377cef2e9abe4609de83ecdf61f2c330dc9,5,1
0xb42cd13d0b53088e1685ed7f6c78066b243f42f9,5,1
0x546404846d41ef75e09fb170a9777ec198dfdb64,5,1
0x30beaa507bc5b0587bf3e521cf792700623b2d73,5,1
0xab7d7c8876c168bb5742e4ca5413755c7d77fc62,5,1
0xba4204e37ff54cc7129979fe9482dacd1fc4ead2,5,1
0x215b835f7247742ba04cf4a6898b62ad77641b85,5,2
0xfa8e5d29504639b1b0f2b09e94da8b0f237defe1,5,1
0x0b1c365bbd0bc5eb7fc35e86702505599f190cab,5,1
0x230fcac06ae171309ea2e0d826cb021a0f786b81,5,1
0xa02e02132372caff683474cd5f80cb23c483bffc,5,1
0xe66edc2ba87caa1317cb91ff5c38e23da207f1df,5,1
0x1698b3b7621404370b7cf65e6422881f6327029e,5,1
0x1aa22b1e54e0229146d59d41bf8915e42e2897f3,5,1
0x76ec2894d551c548a0fca144c358616cdb87a816,5,1
0x4d65ab9c4c6012ad38b14b62a67e61a9f9eeb95b,5,1
0xb4627672ee52660a9e453ec541834e04583f3602,5,1
0xd7fa22078d49c05cb548349b4d327c657f694b6d,5,5
0x1f3de51f4295be1ad3874706dc85f8effd989a22,5,1
0x0d1f03983eadb3e22719bdb34ac4e9e038df2f6a,5,1
0x292cd7e32c6a12be6d668d437761c591835a3c4d,5,1
0xc9422c57da54c5b459febd163aa80d9033215762,5,1
0x6737a331ba4106a4139359c328607a6a19eb59c6,5,1
0xcc30de0aa9788d2b792c855353326d6e8c7b4097,5,1
0x42c1f5feb9f14bfd20d60c4d449e3a354c7d25af,5,1
0x08ba4edd92a497be95b697d3ecc43a5030ac407f,5,1
0xda658a644685afaa8dc7d4becee380886f53eb16,5,1
0x77b53f972f404474bef434a61a96cdc375e29a9a,5,1
0x24d8119dfd2d2039cd4b2c198396d23526f9a0e5,5,1
0x6210c37c6f46692ebac0947c0b34b31cb74647be,5,1
0x796eae84264877db7172289015b68745016f4762,5,1
0xd6deae43a2cb8f9d24bb0cffbef2b66d5a8c13b4,5,1
0xcf0991c283837827d4beac3778eae4b16d368c6e,5,1
0x235e9e5de0e35d49002ddf0a7180f587ccda6c65,5,2
0x6cdc28dbe15e79610f22e77e52ce1d3b8fb063df,5,1
0x7598b3900676985e49dd6a30e5904eeea17a3a55,5,1
0x5767e4ebe2de0cd205c5d71aa4bbd2ac422b831d,5,1
0xb443589350fa0a7f63153052cb4949f5b5dd7342,5,1
0xb3ffd0f321abde1740f6e13be273348baad24291,5,2
0x09419873077d9b43016efb445fc638ec4b56eda0,5,1
0xac4d65edb18731cde7bcbe91a097c00641f81b02,5,1
0xa38d12fe3a479f7cc41f7425e8d18fbfbb1fbcf7,5,1
0xec4c356af48c252468777d1420a2311f67d350ff,5,1
0x33e033f5965f36af256af35c7f89b48b2b380402,5,1
0x412426adf9dc080cc4e2d0d90f12166ef9d75d84,5,1
0xb887404fa41c951581d4dbf8f2319f4cbc604ae0,5,1
0x217cf77ac6a970cdbecfcbcc6e19d9838b64d6fe,5,1
0xfdbfc8d4400dd3ffb0c559934ded5b5060b5c97b,5,1
0x7977b3c32c09bf5cd2038b8805d832eef26b095d,5,1
0x843ac81ac1edfcd22e69c2cf3005d6b651507f41,5,1
0xc1b1c639727c7d85c03386f68efd97de9ae2c220,5,1
0x5295ecea2c142c586e8c4809f1e941247e2de537,5,1
0x11d9a94ff9cb33342f6aba66f66cd79209cf0034,5,1
0x8b0add65479c4c4c59c6e2893610571af8674412,5,1
0xc3bf69bbb62cd91c4eab7e5f9d5a036c1b3f7a69,5,1
0x4faf81ce6cda067db9aeeb986923d95649b99049,5,1
0x2ac0588d356f89825515a354273d8c6504ff5904,5,1
0x656e5cb26a65ba8f65cab52ba97918bf4a367147,5,1
0x814436b0079c03d815a2758c0a777066a411cae2,5,1
0x375c9977ad880927ce87e25b248b7de7f92db794,5,1
0xf3923bec7cd34e05494e77f7ed6c82e2daed11c7,5,1
0x82767a02910f9e30d240dfd053dc5d25e1c23d41,5,1
0x5dd8334c4d319fc7d556c83c045f8459eeb336dd,5,1
0xd84a36c7c28be0421eb4cf28bfb4d17eb3749e40,5,1
0xcbfba79357efbb28aa5778449d5723196c8f9a57,5,1
0xed27e48cd71ebe44ff5d206b47dc1fcd82e16e7f,5,1
0x80338275fb16b43e7dd95b709be1a0f879557443,5,1
0xd750dceecee6083e2571523b3cd5d4d6ca7e2ea0,5,1
0x0dfb8598f91adfa8d69fd8e05c2012bea832bec7,5,1
0x92b1cc12ee3e93bc33c66e8cca16dc12d3b8547f,5,2
0x4bba092200b3be7865f7ec66f14f552dcc40c392,5,3
0xbee00a4e2958397df5f743634389fa97bed68fab,5,1
0xd5231ea73ec4e0d04f2915bb026336aed0febb78,5,1
0xbd3add1a35527f13d40faadc82366f5d4bab46c0,5,1
0x8325fbebbf377214cf99a454d64418f39f1b50cb,5,2
0x79f3aece12067a8c289967f84180039381b75fcb,5,1
0x25ba0cfd34848f213c22df120b4601db665eab9f,5,1
0x0d422ef6a5c3a552ee1e00cf2332a833c36162cc,5,1
0x84957e6c9f6ccfed9c35c850c3903732ed90858a,5,1
0xf7224957c9c26c4ea2c2630e7a378859f5388544,5,1
0x4aa49ea962e6d453d59a3d307309ec95692dfb60,5,1
0x518ab64bb763ade246a3f8e54049906599861e5f,5,1
0x8394ad2de49516ddb3e41a204b6ab64ee9f7b2c1,5,1
0xc4f44c66c53c49d094be7a824b869956183e0b57,5,1
0x4497c82b51f6126c77e3d23ea8b90618be722f56,5,1
0x4615efa7e583a40908757e51b5c627742f9b3020,5,1
0x183ad812236bf1302142751fc8b21e5af9a1b43e,5,1
0xfd1427749c60e3c8ca85ba195dda0d9004577ba2,5,1
0xa329d4e1627001ebf1d797922cea0e9e70c8fb8f,5,1
0x3d1a3b4b5b4a5ee9f58426d885abf2efc12b2414,5,1
0x6a02c70a86f410606b5f6bfde8c47acf16da14bc,5,1
0x52fa613b2097808e275356c6a174d0b767f8e0c4,5,2
0xefd991b74e21bf71189c95593bd1fcf665ba2c26,5,1
0xcc7ebb60515b036d6d01869a0d16def1fed47443,5,1
0xb3f6f4ec75a55edc132522999ce8e44e9e4f764e,5,1
0x601eb24394a79badaa4e5a725589eb5057a44b9a,5,1
0xffc57aaea671a93349f9ce6d27170b0c95f22f7c,5,1
0x5ce59db20e8b0bdcae2c20775e61602f51fe4749,5,1
0x26f37d181428a13a5243bcd43621cb344585e14b,5,1
0xeb6bf6ea9c90d2fd7f8d7d4003745b1a09e30e25,5,1
0x1e28f6a74bfa504ac8eef5f1b9cff05ce4a08270,5,1
0x2a6ae6f33729384a00b4ffbd25e3f1bf1b9f5b8d,5,1
0x0c44326a90ef3ed7cbb63722588f6bdbce9e0ca7,5,3
0xec9e261c41e0d35efcb6c8f940fbb8a9c3642977,5,1
0x0962e271b60003c8f4ade20d883f2cc49c267375,5,1
0x373cccc4ddcf5e3d4b77c82a0af2c40dc399ba6b,5,1
0x7658a126722b47f43f44e5f1a642a91faf9dbf6f,5,1
0x26c9fc612b005781127246bbc5dc39f823e3106e,5,1
0x9ae6d4859109c83fab823ea4dfd42843568d1084,5,1
0x318eb6eb257abe97f36ccad4226e875d540df81c,5,1
0x5064a146a40983c802706acf38747e569043646f,5,1
0x84837c897f36bcd9b2e72eb3ed6401978c56bf2e,5,2
0x44a3ccddccae339d05200a8f4347f83a58847e52,5,2
0xd85b421acbc8696d971e041586aa81004e792d46,5,1
0x605dd719317f9236277fd4dcc7e8cadff38d1dcb,5,2
0xdd27c842d415da1ea952524745b98251b00e0fb9,5,1
0x9fc175cc60e49fde20b9ed820ef9a2f866cdc36f,5,2
0x810cc6fd2a470d3a64f47db7cd0169a71d1f8aaa,5,2
0x53af292771dcebf6af0d2bd31b71968902b601a8,5,1
0xf559c383f02d132d10a22a45d781d5985640f4dc,5,1
0x39fa8dd70d1223f6f077ba4dc61808d5aa928de0,5,1
0xe6d4ea6c516b487f36e3f782f7043d7216a9c5bb,5,1
0x757b8003c330418875f07e368c40b1b5ab4c6509,5,1
0x41bff2c37f54c95cf0fe1143b08cc10f73d1b530,5,1
0x057dc8dbf5c1ec45b95417a4019bf3021f3efa56,5,1
0x479b6f3562fb4807b781b39819b4dfca37b34633,5,1
0x05c47beed53eb8b3fc14538f881d0941cbbe05a1,5,1
0x99cef6c2f5271a92e62ffb045718f20ed8f00efe,5,1
0x9ad109efdf8d84a2e4f784a01ea5fbcc7cc43168,5,1
0xc776e93c28ce20ad82a561afabe695a7d1cd9bf0,5,1
0x06dc72bc4de0ee92c03c37b2cd5e61211e056c45,5,1
0x9a68c86d51e3b3fe899c548b67f913eed9d3667f,5,1
0x223a1b8d6f2ef8d83e0df91542b99601bc558e2c,5,1
0x042c30609e11139db35a58abf3c932fcd591b89d,5,2
0x075c02bcef946963042ff8a546d141f65f9da0b8,5,1
0x76ebbf226887eba7d3f2aa0b76d8c1859292edaa,5,1
0xd67471a73711583a31dec7757dc12f7daeefa78a,5,1
0xecaaa9c2df1f33c71e5fa496257290438181c25e,5,1
0x3db8fd0d70436d6fcad547c183c1af8485c1b046,5,1
0xcd56521dcfcb08e43162531f4eb2f6293a4d9229,5,1
0x647faa4da0e66f4e7bc81cb5043a8e6484d80481,5,1
0x02a8e47a7a82f738ed585573e956489e16ee9f86,5,1
0xd8bd4ccd97a3b6740a1c8b23bc69314f3e3f4766,5,1
0x82b644fda74b08296728fc48f7d87c4a8278f342,5,1
0xe01be86c5772766470826d60afcb6e532933bcb0,5,1
0xa42af3cfe26e5fa9b7766f63b15a68f686f18527,5,1
0xe74260c8f4b28c90f5cf7ff8b8f85a3f3497c4f0,5,1
0xcdb7945aae49f308347e53a86eaf16dd6c1ac3a4,5,1
0xc031c9206c23623e85b4385b2c870e393d5703b0,5,1
0xf309921083cdaeb3758bc8c24a4156edfa64ca2f,5,1
0x7d9bbd02da6970e2b16a6ca8b42d1fdbfc2a6569,5,1
0xa2b99eebaaf8bb759565de11505bfc34aad23125,5,1
0x58ef9606869eb254fa9bed7f55111bf030ae3a7c,5,1
0xb047e2113771d1699a0149a3459cd0fce82e5083,5,1
0x129e0a16887c8c7ec94e0cc93b464a5c7d1403c6,5,1
0x085f40859cf1eff272e72431fc14ca11064eaab8,5,1
0x2639d4f319e120efe8730418416f090034cdbd96,5,1
0x128c2395796d737049470d59597388aae0843405,5,1
0xd39db2b1829a4b9e2bc10cc4bccc1f1f883b0f7d,5,2
0xfb150a74c1ca3aace079603453259962759213c2,5,3
0x40f165a7d1c993b4034bb88cb9b95d6df0f415ae,5,1
0x3ead004aa388863ee4c82288579d85336ca62443,5,1
0x9e5e14ceb9ea2a78116915414772fc2be5d6295c,5,1
0x143244afa10ecf71a5629402a1708580c8688ecc,5,1
0x2f5b432e29c3b4866f9b6e96484b28fda04addc7,5,1
0x59097c8027c887825a739c93dc9f4d8a2525fc62,5,1
0x0fb19cbbcface7f005f11e7de9c5af0eef919fca,5,1
0xe415123e2e33c81d5c34c94aee2a2881ac611dee,5,1
0x34de56c240341027b5e1e316d088205af9de30ef,5,1
0xef30339ff21fcbd2693f82950c5dc6a4c33700a9,5,1
0xdb7e598e9751f6165c306b7ed507bae84e110a45,5,1
0xe5b00776db4c560213f2a87e69fe3a48b0dfb81c,5,1
0xc8f729b4afcbf8cb1f2f969511c684925bc1034b,5,1
0xe8675c4133bc227f7aed5f250b9f0978fd66938a,5,1
0xbd7721c074af04128b4eca356a3c2c3fe9774e22,5,2
0xe136fad8b91e9a2bfd777e94bbe97d53065fb854,5,2
0xabdb88caa06111dcb3de6101812914edc885fdb7,5,1
0x4bc10a13a35565107ba0d6a0b273e163ef1fb746,5,1
0xd96cc4a6158d6fc128de4e2ef9da405c603dc9db,5,1
0xd697d8257688f82a878f51480d3c6e760ad95734,5,1
0x561d4c86576c9e1675f1f77318ecfc18ec85d9dc,5,1
0x8c33d523ca79590f8c1eaeba3b4d42d907442983,5,1
0x4a8d1633da6f5450f92b8982cfbd814e23460ff8,5,1
0x1c1c8a68ed45ebb9508dd2c09b3b645f4ae74d16,5,1
0xe1938a9f6cbbbb82fb098fede6634b57202bd86a,5,2
0x09f2f0642929c39fad46fa2b90a43dcbf3a38cf3,5,1
0x71f704a7c98f34893ef527182c75ef241074927c,5,1
0x78fc8aa7bb4ee047257a245ca590fac4ae4aa97b,5,1
0x7a72610aba824163d340f63dff7515a839156b04,5,1
0x1fc4c537de17749bb2cc157057088c2ea2d9cc60,5,1
0x28fe8ef2def1f5e6fca4cf2e41936ef6cb77a007,5,1
0x5f6228be7712da3fa57f4d51ae382c5aa3d16366,5,1
0x5a9847dee3c080020ca74e898d03172ce91ca430,5,1
0xe3e85c7f6ed91ba213002e8efa5ceab570a9e6a5,5,1
0xcddacb3f6c39599c24f61a971e779cec5dcc5041,5,1
0x1fe1ef81f7956e5f3dd0e2c47ab12f454d52e070,5,1
0xcd56894c715dedb84e1dedf6918da6a06328d717,5,1
0x6b445dc39769cdc97ac634a23f941112d88774dd,5,1
0x85353b51bfaae67a101d62258952413d0b58bf0b,5,2
0xbffa13dd08b5517aeca967cd4f27cd3f0092a89c,5,1
0x60dde0f39079029bfb2589fdaa8e1cd64abae4a4,5,2
0x804e3d31f9b90a023c184eefeda1d003b082fe7b,5,1
0x45b308270fbc768f6c1083ad57ffbd0a843829a9,5,1
0x5527bf2f7a259de99814070c107d354d39c9ff43,5,1
0x176acbd427320f671b1b20b13b8aaa810c5ab09c,5,2
0x33900c2dc0bb9c4936a87d72cc14a17867103c0e,5,2
0x8d33f22edd1e098b86e32c5c348c0d8c48b0b399,5,1
0xcdb425f13cd6d876fec690705346f7337e517b78,5,1
0xc67a487f194ca81e4f1940342a986e9012a9a3fc,5,1
0x181bd723161ceb9f370d145b14d136438e3f05ad,5,2
0xc6b76cbb8d13fd144ceda06f778a2a1dab523435,5,1
0x440f0fa678f98c7b4d5bb41e256fb3e9f9800ebd,5,1
0xbfe0fded9e47474eb0a53ca05f6a0b6497798711,5,1
0xaf69a9ad33df21490cf8cd8a3f7ce259cb2ec232,5,1
0xe81fc71a35c961efca4b475561049f3a3fc82a4f,5,1
0x0312b9e6627d9a49cf07a3b5af1f18ad8d8e39db,5,1
0x3f514f26bce0929619236fca44dab5bde5ce86cb,5,1
0x2d5e03d9064a55b96d34290a176656398df91379,5,1
0x94fb8fc6f8d225fe7f30e6b034f25714e4adfdf4,5,1
0x5246d701b9ebdc9c6bb2da2a2b86554c7562dbda,5,1
0x4a0b42dd07170b7c47cbc5f8e6a010f097262806,5,2
0x6ad2460fae8bffa7c7295b87499eb1d693db97b8,5,1
0x3448eb0411103f0f5b703d96cdb8bf67bfeb9d89,5,1
0xe3862e7b95474ae5cb5d9e3da164d1fea6378d75,5,1
0x8fd441b0301dbb19f4604dc4215af97f9de246e9,5,1
0x0ff7a86acde6d083a443450bff6aa9556adbbccc,5,1
0xe399b890c6ff13d5ad75ef095246272818143376,5,1
0xd4587f3311b19dd30fc39986f5e3efd26a2c1044,5,1
0xce1c4445ae0dc4690577ffcde83d520a3881a2d4,5,1
0x7d03e3e2c833018ee3a8cfcf3876296a2186696c,5,1
0x2bcda3acce5f52348b23db54a58adbb44717036e,5,1
0x646a4f3d15fc18c6643d83b9fde70ee513bbc0b5,5,1
0x95b9512fe2dd8ab89a9efae8afce2a8d27cf3382,5,1
0xa64de67b07a417c81deedf7f03ccd38c67b561a6,5,1
0x10134181352cc526eed3343cdcfe89efe9655fad,5,1
0x0062e55a9d5e5972ccc5ad8890a930bfd271fbc9,5,1
0xc0dd5ab9cae9f9371a26ba04e8eef77a3be80ffe,5,1
0x03f699e78192e5fe0ef59b28f45761dd14b2bc07,5,1
0xf02351e145a4df9bb956714e0b5b2e9d3027f127,5,1
0xb5b6daa6971619cd0fade0700197ff68913508b7,5,1
0x88f3e2cbe719798efcfc0ba645b0abda19be1ad9,5,1
0xae7b0a32453e18ce51b45b6b904d6d2c13cdcb49,5,1
0x0df6eb5d39fbb171e90e8d547ea654c5ab68cb84,5,1
0x6a84e93f42b2a91a773ef0fb02d595d66659c33e,5,1
0x6f6ff053e3b2b9b5403bca233d8a7ce8484056f9,5,1
0x4222dcb53cf02044f88cd34c837aa8def554dc8a,5,1
0x0397783450df12bd91463849de484e6a6e6ffeea,5,1
0xcd8c2db9406b874e2269465e09fa58e33fc4de8d,5,1
0x3d301fca08c158cf67886e9dad5968ecd638a625,5,1
0x92f7bc0683b2a02b9ab194ff59edb3ddf2691f1a,5,1
0xd98d163030b99ef7c023f688e0481c2baca2537b,5,1
0xb84804547d9d5bc6c7422be4329bcf9cd44dec70,5,1
0xe3d63f75087bfb419a37a98e9770db6b398f627f,5,1
0x5626c94d92e63a3d4c962eb7e536bfe4cccc3e24,5,1
0xdc7da6884ff2c90c713724e2baa6ab134983927d,5,1
0x45ff568b02be1b65164802ab6016dcf7636464cf,5,1
0x6187b23a3fc626ecd17348e717c839a3adff3542,5,2
0x08f626a5b24c2732c4b5e030bccdcf83933e381a,5,1
0x0cc8001c6afe96859558e81580e9ac6fbebd9af2,5,1
0x4ffb72b66eba24521736924f87dfe10677d82286,5,1
0x3f77ded0d2c26024d9e98393b666e83cb3b2750d,5,1
0xbf1b89b007d912ec86b46c9f6ed414f9954ac973,5,2
0x00bcb1db033b37da235d5dba2ea0bedfa0175dc0,5,1
0x37cc4d6a9a8cf8c75a38cd73e6a2e00ea9963522,5,1
0xe1670a41c699a04d484f465a1188a11ac1376b5e,5,1
0x41a5709c7dfdc50b037272a09f342d6d809ff3bf,5,1
0x18ea904538981f96999b9947dbf98127ed1c717a,5,1
0x4e0a1e55d3d4b06b80721cf50fc0d5352f6dd3ec,5,1
0x97120405607d9e196f6b4872ece8a35357edacdc,5,1
0x0987db20102b454066ad5b15e49ddec6906e3401,5,1
0x8e5742b7c6363db56370a7869e0bbf238a42877d,5,1
0xf9c05743732f59719444f2855812a5492e385485,5,1
0xe36dfc3406b6af3b10cc0abc695eb04d74676438,5,1
0x3d08c81bcee1fa5183dc6405d283e4fb19b816f9,5,1
0x0ab9d1089b0bb9eecd71e6fe7920fc4eb2b0159b,5,1
0xd512ee04a1fd6f8226c2ea3543601177b96a8738,5,1
0x2921c3ec8c63f5ea7485aae091e508e06de2afa5,5,1
0xe9f9c367f3fc08265e85eac8ded1b505829d3a3c,5,2
0xabc42b6a90c2a5962c1be78be7344a7d05848ee4,5,1
0xf1a948fe45cf7e2d555b5c0ce5ea50784d2bcf31,5,1
0xe6937b8bce92f571f1cf4c6c962d7cd2cf990149,5,1
0x546937734ce4d9553bf70b9c18ad9d4408aab94f,5,1
0x75693d0b5a115087a6ae71268bd6af1a49da40d1,5,1
0x70bfa791b3ab2c1276ae8b5a246b711d50f4b4b5,5,1
0x6278e4fe0e4670eac88014d6326f079b4d02d73c,5,1
0xef1c2b1cdb99c9bd608f4533821c7cb2244433ef,5,1
0x872340e2fc025eda486a4d9a922232b0906ebbfa,5,2
0xce3af4cb0974ed0fb499764d321aad956a3043ae,5,1
0x29b97fd1d7abaedc5f862e08f64baca013448816,5,1
0x1dd52976726b81051dc6f3ec764fd40d4f46e044,5,1
0xb1c35e479b7fd64b34ca1c9e238b5630ea8a9d5a,5,1
0x73fd690c80f9558d0e005ef31559bae7bfbb1089,5,2
0x3e12cc3ff6c4f2b23423b618c163402244f3f1e1,5,1
0xcdb5b920fced0be5ebd5cce4d534519de97bf5c3,5,1
0x53961fcf53561fa5de71423822e96ae66a53608f,5,1
0xc9c8811656777048e2b1dc2387e228248a3c5d00,5,1
0x132ecb592eee0e9a4cd9ead7ff7b130d9acde9cc,5,1
0x605b18aa9ff1c4e83ebd758f35ea3454f2fae43a,5,1
0xba4371bfde8586b4da853539d1d11f1619a30eef,5,1
0x2e196fbc672d16fd489d8a3af37fe145d25e8b38,5,1
0x98ec77e2e8f663bc93fddb58a4b157e64b6d3c42,5,3
0x7e1068826876fe15a5cca69e7467e98a4d8c42b0,5,1
0x151022c8874eb6482d5f0df890fdd8ef415ef89a,5,1
0xcb62db2e2b4c4b58853ca73abb99a4d963b45186,5,1
0x56c599ad8793a18aa208b1fdd0de681e385be4cc,5,1
0xc740ea19d0abd440665e28f1783f2401c669ca26,5,1
0x1273b24172b2634d831461e39c4df2ddf81f7fcb,5,1
0xaf89d8c1a2599a71996533eb259005ec300fdb74,5,1
0x694cd849bc80f3f772ab9aef4be2df3af054dc6b,5,4
0x72f1b094b3d64fb6c3378a26a71a0972fb65d1f8,5,1
0x3f12553f228f1a1e3f23251f3f04586d8cc996c9,5,2
0x68c8bc6577c091dac3ea75c26594fd26f23e91f4,5,12
0x38db03871801b2c07757a4be394e72102069c0ad,5,1
0xe00d70f5e73ce2ba6589ab73053ec0d7c43e5fe0,5,1
0xc29faf74bea5ba892dda8d6588338d159e1cc9e8,5,1
0x1084aca6fb208e527c09e095052fa09ee83eba0f,5,1
0x4ae2f36c73a8d8aecd7199bae568d7ba7119ad24,5,2
0x887cbc2833cbd2dd767fa9799722c8eadea72a0c,5,1
0x9dc9d44c5e3105ca38fd133c438bfa61d3d0b8b8,5,1
0xe1e7ba7f42a262069b8f296be7cbf9bff96f4ad8,5,1
0xdd19b81e2f2b780ffdc96a8dc56e290d180e89f5,5,1
0x720a4fab08cb746fc90e88d1924a98104c0822cf,5,1
0xb60d438918e823084b9d5e3b61b201a028b73364,5,1
0x6d877ace8e049bfac0c8a031a3118d2ffa5ed630,5,1
0x417fadd2df59cb00da095a5caa48b4d228744529,5,1
0x20464f199a94c5cf168707adbae456d10fe04bdb,5,1
0xf711ae72a85573a15de36ae5b57c27d9f9e6fa77,5,1
0xbf0e07af44528648962cd3a0eb2541218f3d0409,5,1
0x54115b8fc72389cfa418db4510431dc76d8aca1c,5,1
0xe25aac6ddca6b6fd804161d298c488dc864be0ab,5,1
0x7edb5638d33035469e6a2127ba75d2669f71cdb4,5,1
0x000e7be03f9adbc5065396a09e1b6ddc9da5a8bf,5,1
0x86907637acc94e7071e05e880dafc14e6d3dd502,5,1
0xc764b6898e154dc28747a63c5eb7d6c8f58bc439,5,1
0x9deab87de038bacadecd30b854fd422654ea3645,5,2
0xac8f8ca05252ca632581e7a92668100b31defda0,5,1
0x86aaa8b22356e648b4030ac9470677ebc8fe3b4e,5,1
0x869a0c2cd00eec30c29aa2d79b7a7c6321664345,5,1
0x3cbb4307ef3b64f011f5e606c733d20e308a1cf4,5,1
0x70d1d4fb384d90f9682e12673d1d46f127e0c1a5,5,1
0xd28bc2fe4332f048a32bcf8353ac666f5b2c2514,5,1
0xe84b8d6a37ec941583c7987b9b85f79745f74011,5,1
0x7c88ecd08e2f24741bcc7199dd687257811fd4c7,5,1
0x3153acafaa7d1190324cfce205d11ea5a995bfe6,5,1
0xbc23c86bc63cc45d85e1b6796ea3ed99ba325255,5,1
0x0b59e3e73dbe453e973a876d34397c0cb759daef,5,1
0x3b116215788820939d80482e88481b0f2305b880,5,1
0x6550e98496a6b1a74ff04a8d0f4b04d1e3b2d37e,5,1
0xb2324bdc853f68d88e92061850ad3d652fac607d,5,1
0x969b9ff719eb6202c0e8abacb668307064bf2c04,5,1
0x68b76a405e764bdd9399b239aa8ae88ba689ceee,5,1
0xe54debc68b0676d8f800aff820dfe63e5c854091,5,1
0xb98730b9480d45307e095bdc75b49c555b801dd1,5,2
0xb1a90c8e52515b674d0ea4d7f26e5a206b930287,5,2
0x125e51e068b4a8c850d281f97fbe40cef4014900,5,1
0x59b5b90cf5393b95bc81466ca343a89c1380048f,5,1
0xaae332a96ba73fed1808d8a3c1a97b3c96bab645,5,1
0xf71f65997a8c33894535f415ceec31c2debbfd48,5,1
0x17b697388027ac1f46a5e29054951eaabdfa9258,5,1
0x886184b91998dbdf947844606921f03405a3a4bc,5,1
0x169ddf73cb8bdf6f6db0254031a186f9b1293370,5,1
0xc653129ec7bfa5d684c9f94dc4fc60331c6e2297,5,1
0x6a724cc552840a84edd6d4897367a9571797a8c6,5,2
0xe729061678553aa62352e7505fd2bf3f9e19e427,5,1
0xa3b828b23a6930e5c65a7617243d360cf3ae48d4,5,1
0xdcd082a4520929dce240cd1e5233339f7e15c661,5,1
0x2e6b57007a0184d7a55d1e2ef82e5a65231f7677,5,1
0xc760bd60026ea79010ea71d147f220f052cc9bb6,5,1
0xb145a64b05932afc51e6ee82542e2e1b222cc798,5,1
0x2fe10aad9db96c56694874c68fad5bf50e8d8492,5,1
0x1ab9b9c23863814574538dfb6ba3125e73e1be57,5,1
0xddda6444a6c53181111b8b89037382500b597b6d,5,1
0x6452663178d7e8a8691e9004be485730e67266a1,5,1
0xab603d02b3cd369a17159b3eca483882f8bea540,5,1
0x98a529e3488c2d44566881feab335b17b1c3b430,5,1
0xbc01e2e5d8a2fd1a0d347c07255664e4b7b5f944,5,1
0x3d559b687d95a325c063f38059d0bf2d9dbbab2b,5,1
0xab6b0eb346947452c7feb7ad4f5b7aeb5b4eeca8,5,1
0x0bc776a118706d92d634cfff57f25350caafd48c,5,1
0x3f32c7647222c052f675ea66eeaa87943da1734d,5,1
0x3e4d095ead6f18c8cc497b7952f8915b83f5a025,5,1
0x145bfae2159aac3988c1b04714499ef4a9d31d1c,5,1
0x12695b57d5dd974f989aee1459b478d7ffd5f626,5,1
0x789f448e51d6b0e99fed8febd67f0c91663ddf5b,5,1
0x7c4a30d64a75fca76454d0c02547f01a3225ab4b,5,1
0xdfc8f0903873d8d48b1b4f86433d7f2370bef638,5,1
0xfd534b726436acef0b3faa683808d7c838983cfc,5,1
0x6ebbe71a30a9aec065de30f4789c7e98f0843cd2,5,1
0xad763239ad1ef0154a5daee677a78faef448f8c6,5,1
0x7221c13756c635ab806e797ffac94b23e9ef190b,5,1
0x6132b62ed5b80b842e9dc1b7999d0a8f9cf51441,5,1
0x2280d1645b735250b9b22b0ce7f72c50c46bd034,5,1
0xf5b4c93a02b7264f5bcf6443cdc70728ced257c8,5,1
0x4de534d0bb83ff92ff781bfa2de1ba6b54128247,5,1
0x86a1fb3ba2c1b0f41a32f4dd424da24ad4b8fb5b,5,1
0x2818efd75eebbb96fea4e6f2db3f441e36f90337,5,1
0x31b8bcd1ac243625be07f0698fd52d832d58fed5,5,1
0x877444579532453050720ced6a8a66c0c60b04c8,5,1
0x096616d1130302f261c2ae7627494aefc5173fc6,5,1
0x4323c50d70c39231cf264021ddaacce7d02fa834,5,1
0x03b8d21306b2432ead0ae43cea756e0ac4364bb2,5,1
0xd5f38aa05c7a2e7889e2aca571f20ff3baa38965,5,1
0x83c551fe5c49aceb7d909cfb80945ce870b1889d,5,1
0xbcbb0ff5231dabb9e043b67c613cbb4d6711f461,5,1
0x6f95ffd968d2d1bc4921bb039b9889055474ee51,5,1
0xb6799258b5e25857daaf2ced9b9dd61859f9cb77,5,1
0x38606da996bc6c25cbf51e41c29200abe7c16b03,5,2
0xfdde4a324a8a63e326cb3d6f62d7aa8fdab69087,5,1
0xa5372330da1f4f67bf8fd944dee761dd6004a656,5,1
0x11a52ae4d4e6d076f895ebc213d7600240eec6b0,5,3
0x237ac1b67c94bdd7a5903e8a455937f7b22e30bd,5,1
0xefcdc6148d5700e3e0b55e34d177c54e6c6d5940,5,1
0x8952eb6620d3639d6a2e24b8aff8270649521795,5,1
0xb89e08062734f4a576d6a7f184177040ae221e65,5,2
0xbb146f7191ac6ba2710b973c080b07bc0b835a83,5,1
0xe2a2a75ff9e5daf5a8fb111ebf54207dd29b94c0,5,1
0x63dc4b23b9b2e438c20e303733a50fedefd7bdde,5,1
0xf85e124fc7313d54388d307ae90e9dcfc0e03b2c,5,2
0x1316d540de82d28b732e419fea241d98d97ca1c1,5,1
0x53527b460f7890652279bbaf5922654648bdc634,5,1
0x9609a6fa06bf0f36c0304183dbb718b7efb706e7,5,1
0xa575bb7e13a17f6d78e83712a603cc0db306f6e8,5,2
0xf9d4e881fdf21ef5419e33926f0f01a9cdb4938a,5,1
0xcc8537df9362ebd56fb07804ca6e12bb53b659c2,5,2
0xe8af77f53244eeaf97467a7c7f48bfb83d618645,5,1
0xa9cde283b7e611108e2e71881e1bbcff6d78478f,5,1
0xc6a617de8de20f9ae61d43e75970cf3538690641,5,1
0xa66d56b5214b7f6f52e2ade1b7c2c7d530292155,5,1
0x9f46e35d3b978f24bde17d080518a0abc9d894e6,5,1
0xb47122b278492b4a937e4336ac8068977f969ea6,5,1
0x1b36aac66ef2e7d57cb536c3ccdfcc1c9f6d9210,5,1
0xfadf432166af4a77b96a360dca270aeac22a9305,5,1
0xfa244489a96dc76ef755d52175e099150be83b56,5,1
0x16f2bacf87654067e6b0559bc8ffc09f3cf1c5d1,5,1
0xc02f8963af9b45987a8a2a72443a9d9f845ff00d,5,1
0x4535fe89732cda9bdebf1c0739f2e5e82780c48e,5,1
0x74d5edf85139c6289f2ee1ff49dd8e1864b0104c,5,2
0x160843d5e82a510be168eda5a5b484c9935f01b1,5,1
0xb1207af81b315c7ba562e164f8f3b45878cfa13a,5,1
0xf4f1e572a194ae93883e222c3cf366313a748d8b,5,1
0x3c52b4fa783c9670dcd52d34a2b5f216d30a3b4e,5,1
0xf22dde08b701fb384e78fd1961041ab63cb607ac,5,1
0x311a3e7c1b74f89edf982f42199e27a2286a3575,5,2
0xf44e8ff03f794774cd67c937fec72080b05d0aed,5,1
0xc897c92fe03f5101997b370cb0561d0825010f09,5,1
0xaf1cc56a81ae3db157b73db4dbcd20907db5793f,5,2
0x8995add99d015ebea94daf9e98fc8c5deecbb67e,5,2
0xc676de0b0055b5e41dfce7a06af79a9e771738fe,5,1
0xd4a407d534338a05501b519ef14aa4d8657eff9d,5,1
0xb5f05eeceb457093d6ff1cd28bd96fa4db85e588,5,1
0xfc846fa73cbe92e85b696e0870594f942648eb92,5,1
0xc13e33320f661544e65d99108f45142035bfe153,5,1
0xfd73d5f2106badcf407f179268d63d1d6d134e28,5,1
0xe98ba619910f04eb319d442328a569deef47bf4a,5,1
0x1025d7764f2958004d3ff083cedbee634baa622b,5,1
0x7a3e4d49d5fa7555627c6966ae8352dafbfbf4e4,5,1
0xb8c0cfd9d9261a0e0b271c0691c0bc4566dd5c5d,5,1
0xb4673d330e879cfafbe812d3cb330d9301a97a08,5,1
0x57d57e8427e43370c20b6eb381d30194d8ce320c,5,1
0xf343cbcacf1bb67f91b12c67287cf51394edaffa,5,1
0x382dbe1bd2df5a3a537978aca78c96ba5dec0ba4,5,1
0x0fda2d43ee5ecdd20e732b93a7137a837a1ae6bf,5,2
0x66f207f02a35e012c0ff6c916bab8739055402d3,5,1
0xe69e1be250992d5afe414ccb27646fa96519d025,5,1
0xba351b8e093c40df954b9328484036fb271b4d86,5,1
0x502fd4ea2082b70c91f29a5a78ea3abf2f5c6aff,5,1
0x81d3d66054c552b520f4b9ad73238eca0b8c9977,5,2
0x7053f86dffd7a5eab173098b283a87143193e279,5,1
0x79bc6c1d8fc64214107949f0e5a2b1b4ce690b60,5,1
0x7fe13bdf19a6e2bd28f6b34d46a0187c6aa39e94,5,1
0x1b6204dfc91a0bc80a1468e99296525ee5e318a4,5,1
0xcbbd9156380b4799037d27681b90f052a3f97bf0,5,1
0xea3732a38b2945905ea99f52276eb277f3023f58,5,1
0x2c5f511ba9321e48646885fc4dbb4a284b29c3e6,5,1
0xcd612ef6dc85f5170a0cc75c9a223bd9d9f91bc9,5,1
0x08aeb0f4a13dce854165c5d28205dd4514590b94,5,1
0x936e62003935e95c36327996ed1e28eef58a150b,5,1
0x26c94511d02e41fdbac0da4e2f60dcda00cbcdf5,5,1
0xa0537b2e8cced8f50b5935722cbd1efcf9b6077e,5,1
0xd448905ef32b90c2d5bee343b5c56b13ccdd6873,5,1
0x6894b09eddb8f1c764cf47f9986e5c35c9c37733,5,1
0xd51a91709413391336f7aefc9b281e0f0c988bcb,5,1
0x3fa3b6e00cfa24f5d37c03b37fcd2fa5a0f700d0,5,1
0x0743587ed36dc6e4c32c98746d5aa050998c9cc9,5,1
0x76381db03dd8dc248521285b1a36c615a6fd6f1f,5,1
0xdc74b6718feacbe2565bfcb715e6c4c8c6caf906,5,1
0x738919e4874d0c8245b39ff750eaff003a1507c0,5,1
0xe8a1de4168e90a83e49a8b9f5fb7de81f7f04883,5,1
0xb4e43f43027fdda13840a1595341d7f543e6c4f8,5,2
0x418a983fdff31d5b4a2196d14604a01eb52dc5f6,5,1
0xb6ad6454e9b983f6428d4edc3f3b34c59f79c76e,5,2
0x5de0216606324db59956c979fa88002cdb6ad5b2,5,1
0x53bbdce9dac6725ac6e530c3851ea015f6513652,5,1
0x02d01865b4685389daea44429f2922ab2dc3a1e2,5,1
0x78922e60ae7686f3a375c49b2fbc9002385a8e42,5,1
0x953ea4949a60a2967b0ecc1dd511f7aab9c436d3,5,1
0x7e6ba4f30a258284b1c88181da7c641e0a95c1e2,5,1
0xcaa7e6aff100c6ff3d354717919375593e403016,5,1
0x3c6161cd54d09c313b09b2baa578257308b43912,5,1
0xf92d1b64b01898ac22e450c301e61be4cd0bfcc0,5,1
0xd1d264b6c61e3ce98f6d9559228d17f109608c78,5,1
0xe8f2c1984e1f181cf51257a830ed814c1003a160,5,1
0x752797bb9e861676a4771aefdd07b343f65caf01,5,1
0x62ef1ba47875c716acf3820d10f4bc4e4d837592,5,1
0xfd3d0052691783b3ceb6ce86926bcda70d454114,5,1
0x99285b727f02718c965555e6636e9be6a9783ab2,5,1
0xd9425005f5f0dba3f1fdf0af5155890464cdd708,5,3
0x01e2012bcca6d2133585775082d7f55331be742d,5,1
0x10793f355e44a8a5dba0e0e576fb700b8ab79d1e,5,1
0x908b98e064656e9ecc8104d9879a17824897a516,5,1
0xa0e4a46facdb602824390bc32d587e35b6c64c8d,5,1
0x63a5020c166750b2b8b474b864713f2648044c74,5,1
0xb1331118f4937d82f93651f9bfe70893900751ae,5,1
0x2d23f654beb5c37577c79ced92683116463487b6,5,1
0x7300d96f0233f9a361f7071e87d99708fbae2d52,5,1
0xa7fe9ea3a5766009b70b0c8bba63d8e5c113a200,5,1
0x58e5981593a25ea79823aaeec437cb09c7438f0a,5,2
0x7a83f0d18f8f8f58d48a4b2291182f2fdf8fa1fa,5,1
0xe1ef926fe54a7fbee830ccec67e6368adee16b30,5,1
0x63dc2216af1833aeb4633abd39cde61ebad475ab,5,1
0x63de8f04e339d383f23a15949b745e4bf803c774,5,1
0x485c1e4dc1f89dc2892940062acec384f289bc88,5,2
0x3d1bc9f7f3fd57b102567de9e629f4b6ee999da5,5,1
0x958fa1a9ebe7f9e7d7eca3ac2b21374988d7e929,5,1
0x559c77f7687858784be6b59713ed2e3734df8010,5,1
0xc55a1a77e70ddd911ea6f01abaf1884da31b608b,5,2
0xf02e3eb8ac1358f7f3d7a3a31235cb3e45c00a3a,5,1
0x4845409ff21d8832c2a1dc0a867fdbb86b17449c,5,1
0xf9f8e7b6faae4a12ad6325ac6629a53fafd94242,5,1
0x6c2d240c96a61bfb9410bfeed08abb8893f06dc6,5,1
0x2cffc6bc57f99eec035d27e5bb64b4ac47f12dba,5,1
0xa5efb470509cfcbbd3dfe34fcc8cfadcb8cbf2d2,5,1
0x972c820d9659dee0e347b7118e715189b83787dc,5,1
0x254eb35302b3caf8f44381b0a8ce49cec85707e0,5,1
0xa629b0f2bd00bc1a5b1c43a4e0c5eed1d87bdda4,5,1
0xc96e8bc5e8826cd94a5f84f4f4703aa584b25d2c,5,2
0xdeee16c651e97927c5fdcdc7ec42de9d4ae9d0c0,5,1
0x764d4316aff5b7bfe41d123654d91e2d2d744812,5,1
0xadf1d02d46ff5f8f1b9b962f39fa277eb6e691a1,5,1
0xf78574d4604c2c8a61deaedebed427e3b4fcf6e9,5,1
0x4bb9cafcb4b25ea237679b374d4b4baccfd1609f,5,1
0x9aabeadd5269477f03b878c179e7a7d8b44ac92a,5,1
0x8c19e6c8a22e0362b8a575223d23482e1101fc32,5,1
0xd5e891d47d05864d05e5f349f440820b884af48f,5,1
0xb9a9efa7675c1529db1690cddf52b90483fbe4a2,5,1
0x5138da765c115d4b4a89fa97c7f2cbb2ffe558ee,5,1
0x8a7a74ecf82edd816036e8a9192df4d38322581b,5,1
0xf47cee5d72b610ea6957aefa622441b4ff76443e,5,1
0x10100d5a6bd1c05b90ec260bf3033d46d9c14c15,5,1
0x05cd412a1206a80c68419cd45e835609e81c9d22,5,1
0xcb121cbb70ad7b8f567f7fbddb19a7423d0e0cb6,5,1
0xd2780e7c7f162a47a7d527040531a14711c46db8,5,1
0x171472353816658c4399e57102be08e7b3908823,5,1
0xc70e23151d2ac7aa11999cd70c34c9cc94e142df,5,1
0xce464bcb451bac7e5e6f8a11e3b7873899326fb6,5,1
0x54d72d48277a917d0792b962c26a9235f710f429,5,1
0x218e86754af609164a4e3b6ed7337fb65dfde5b7,5,1
0xe4cfc5ea0ef59051bff7b17ed58a90a37843f9d2,5,1
0x07a5c501e39e252cfbb4e510fd20e8af6419579b,5,2
0x8920fabc2daf9b53cae9e8d373c18b787895d396,5,1
0x57a8df5038757d0476fd2e43f20afe44cf288b35,5,1
0x9255d3fec87dc332ad84d8245980e7b35e5ed942,5,1
0x34a9d0ca4d91eb40793917c3a2542a519cf864b6,5,1
0x3aa6b206d87f86f29114a3404ae643f701ced09f,5,1
0xb74ae99f89d0b8edfb8041702cafb1357b170169,5,1
0x90347dc6bbc5236fa40480d75d43150781ce444d,5,1
0xec575b09c40e3ec4f4a4f7a19ca52e0b74d93faf,5,1
0x6f0d30ee2bc8d381eefc23d5149fc9eee268321b,5,1
0xabc686e449575f22fd5c4ba98f200dad193b02eb,5,1
0x57159cae17121800eef47f5da0306024a5a9197d,5,1
0xdd372e6b31e91c332dfae6f22d3105272cca6bcb,5,1
0x41776db23638dddbc501c87b6cbcc5fa65cecca4,5,1
0xc69a7c205a6f82f41cedbd0f680020307d5bb444,5,1
0x03bf4fb5c9e3576609f7e67c78cb49ec90755e4e,5,1
0xad2baca69228ace82cfd922ff2851068743e7edd,5,2
0xefc7e35dcb6e4af16f696390e7b0dea4c0bffe68,5,1
0xa0ee2198062a3b2d6b6c35563b0b6075219a2620,5,2
0xfe192ec5f16cee038e70afd28a42fb466d8e2569,5,2
0xea77644ecedd03bb5c1f58753a058f171033e70f,5,1
0x60710dab6dfeddb026cd6696c59c3ee92dc600d6,5,1
0x50c6c11b79c5aa2dd521d9489832e48bd46b0623,5,1
0x52047f10727cef3e68bf80d05013672b5b344f64,5,2
0x84f0cee6916d7bdceb696ff8d8dd6f1ef0d18e9f,5,1
0x06e2057099d6508c1bcbd3d6c8e75f6581281871,5,1
0x68c8bc6577c091dac3ea75c26594fd26f23e91f4,3,1
0x0f23ebd104cb9fd96c83e9fa8af651d54d049222,3,1
0x0f23e1f353712766588a2b574ce484441fa7335a,3,1
0x62095c2a786433d9bb90f4d3a346012e0c7339ef,3,1
0x1451848c2bf6157cb136b8b4016835b32f8ecec3,3,1
0x07a5c501e39e252cfbb4e510fd20e8af6419579b,3,1
0xc55a1a77e70ddd911ea6f01abaf1884da31b608b,3,1
0x0b72da94f965d115ce4494b583598d69f3e65579,3,1
0x43373cd3b8d724c70087d3147b1f0497b50ddba6,3,1
0x74a5ca1737502bbc8df4eb5acd8cfe70341c5acb,3,1
0x3b00d4ca1231a858898f983d2878dc97088d5a33,3,1
0x0d84994c783fba94617b4bdf506631336aedfca2,3,1
0x0bc776a118706d92d634cfff57f25350caafd48c,3,1
0x30c76730285e2939f58b55ebcab563776c1536de,3,1
0xe401477f3acc0b021cd6c7e8fd2cd44a10c5f369,3,1
0xc7d7ffb6484ac68efdbca7a477a63ce307e8fdcf,3,1
0x36bc315bc838ffb264a7a9a251826f89a87e2c75,3,1
0xaaeae446bc2d4d51e0e25dc114bd6f757984c0f2,3,1
0x7e1de26f3a6f3f3375aa4ce00ee586e68f4db734,3,1
0x69930aec2ef9cc9c8c347a950d54333910cf5652,3,1
0x4bba092200b3be7865f7ec66f14f552dcc40c392,3,1
0x3693a2ae0d4d2d1f136e9467e075ba0832c5ee88,3,1
0x6c75b4e3a46b80a61841e827822dfe6024a3821c,3,1
0x213745c3bba697504c92a92345c1d66aa6af68d0,3,1
0x895951859b7093301cc8586d2cf87617e46437c6,3,1
0xf6da447871941d85af4dd7060dfcbd40fd05736f,3,1
0x0cfbfffc9cc0f99fd4d368f63237473bbb40dbf2,3,1
0xf9ad71c3715b12f3fc70e8e9f3a105ac2438f3d0,3,1
0x35c2418616de69ff71b9914e3e5ab751e2770dc5,3,1
0x9f9b645a71933c9da231464208a601b4538c4fd2,3,1
0x832d56792e9060ce53d066a60bcb8131abfb183c,3,1
0x52047f10727cef3e68bf80d05013672b5b344f64,3,1
0xeeaf097a1976d25ebf297bd9f7274fc08bf080d5,3,1
0xdf444837f50a7b36b8b6c0a3d2662d5dcedc772d,3,1
0x16c4ed4e7ff746786008c29a80a957d2d792910d,3,1
0x304784a01257e77f17026fae0260ab3bdd1a1fba,3,1
0xd888267d3884f98768da657aa9d899090bdf5485,3,1
0x7669aafc64f24ae07b6745a170bc89020f0ca730,3,1
0x89558dea635e9879276f92622b10c43cee801243,3,1
0x541e5fbc8d86792c85cbf051fb8ff8415e83f2ed,3,1
0xe40c4744ce1542895e5bf471bd7221e4da5b2b1a,3,1
0x3e2bb418dc65d07a268fa1d94c5ec53af75c4d3e,3,1
0x7d98743ae996485b65b4c5120493c87037be5f95,3,1
0x793f29cd35ec4363a5e476ea2c82b2ce85ef2585,3,1
0x0de99da57d26193586e5f49866b32d080d5d801a,3,1
0xa7aef6e34805a55b9fa1c1fdfeed369ea17912a5,3,1
0x9b06da941fcdfa0e3fa032c15e2dcb47454a6f15,3,1
0x3869dbae46454efb20e20c136e751a272922530d,3,1
0x657f372960ad6d775c4552a3c57d4e7ce9b275ca,3,1
0xaaa42e5faa464bba9aa79d8499bc6abee139f818,3,1
0x2be6eaeb2a476d91e2d949f15564702ea60a0fa8,3,1
0xc1b1c639727c7d85c03386f68efd97de9ae2c220,3,1
0x79e5935636feb23ec54b7f4fde5deba6c3c5c465,3,1
0x964937b4e4bf1fad1eb1fee6df02ca13e864c929,3,1
0xcc2658bf7c9dcb4abf0116d70356616483150dca,3,1
0x95fd7da837d8be29cebe79f1c4b3720991e87c4c,3,1
0x4d6546bed6b70c5c3d767689e61b9bdcced0dd13,3,1
0x2c1a4cd0dd59f6f15cf6d7141e822ee766eabaa0,3,1
0xc4907769994047cd5cf24513cfe9f10b0d1be2ea,3,1
0x8f20ee06ab3809e7434abd23d1c267df9b5d7939,3,1
0x2154e1aa1298286003b348d1f5aa8cb0ebcfb0e5,3,1
0x90320e5b7c314f7eb00c4c2630a90aa11d8ef588,3,1
0x97d340b2a3c7ebc650780349c7ef6777bef657c6,3,1
0x22294711c021b21e439cd1ff462d734c067c0531,3,1
0x141d416163b6c2251303ac250168df1c8248b04d,3,1
0x56e94ce340877464a98602f4b819088585a1d294,3,1
0x3cde76a6b28fad2f82805f16fcdc5f9683101c19,3,1
0x1aa4730e6c922013886a449ca5e5a018c85372b7,3,1
0xe289e20489d117e14b234ee9afa873171cb7bbc1,3,1
0xfbfc29e19b1e235b3a1b86dd3be037e9617b1991,3,1
0xa7c4d646c5be26caa0fc69307ab35ea00660a122,3,2
0xe4f082a3268610b47f39849a6035c875088279ef,3,1
0x71ff9bddf0c905b1ff7e3ccf74aa1d196ffed5ea,3,1
0x0e510350e6314f385963ca7edee63774c4c42dc3,3,1
0xb689a89954c04c4a238697b64379810a666287ea,3,1
0x798641a0641c050573ef0e38be106fa88338ef15,3,1
0xfe27200952dab2cf1aec242dea422f26c9dce4d9,3,2
0x96a0a51fd81c6ba424308c3868c43baad027e5ff,3,1
0x344b947550e547b574c39252a32ff238a112e290,3,1
0x4f49da7c3d40e4ee908bc3e520088b7b49090f44,3,1
0xcd0a5ae9778ccc3597e914c7da645059dc9eb65a,3,3
0xd47a5a6df2fa386bb25e6b2d739fe3fda3dca471,3,1
0xb89e08062734f4a576d6a7f184177040ae221e65,3,1
0xd7f944b6c5e45d0544100338b9eea37bc57ce1a3,3,1
0xd67471a73711583a31dec7757dc12f7daeefa78a,3,1
0xb9ea89c501afe889a37c75080a91a1b33e168c3e,3,1
0x22cc55b6a7c95501f74c183841f6df27a1d64805,3,1
0x0353bdd2427f21a66fea2b9c36d3984adcf546bc,3,1
0x651c9eea9b9d55fa1f3e2438dd78fff53328832a,3,1
0x84837c897f36bcd9b2e72eb3ed6401978c56bf2e,3,1
0x9f4c8215933dd9e0255d01fc81b39e5735f6fc9d,3,1
0xaba7179c75b3b8caa0a3300d012ea7b4ee097d1f,3,1
0x83bb781a2a2ca1fec0350f178c911848811cc440,3,1
0x49dfae3eedd076fcb29c8f81e3bb05abf4bb932f,3,1
0xa10763dd6009e132c4fe671a0866aa89df8d8c6b,3,1
0xfa951187d3521e5dbe8d734d9416f965413a0929,3,3
0xc760bd60026ea79010ea71d147f220f052cc9bb6,3,1
0xdd8285758b288920b03cc45052f6411023e4e0a2,3,1
0xae7b0a32453e18ce51b45b6b904d6d2c13cdcb49,3,1
0x2280d1645b735250b9b22b0ce7f72c50c46bd034,3,1
0xe47e1ac440a31a8c77c825cf30d9a91f6352bc84,3,1
0x91a5856c5724c3fb5751856381286d0ce4133c1c,3,4
0x11c45b1005009ad48b229d895b3ec71f3360e562,3,1
0x075c02bcef946963042ff8a546d141f65f9da0b8,3,1
0x60347f536efe384c442298d253725591f8cc078c,3,2
0x38606da996bc6c25cbf51e41c29200abe7c16b03,3,2
0x4a2c545eaaca673990f0f7655a02961d4192cbb2,3,1
0x38ae7e04c7b2c410c32154009d61c60f64c6d883,3,1
0xec411b94e7e977f7195c2c02db94f7b8ae428250,3,1
0xbf0c93644e486f0c0cdf916a27537a1301d190cc,3,1
0x6e3bb5e59c667c9d78f70fa220df2adf6e953f3f,3,1
0x0c44326a90ef3ed7cbb63722588f6bdbce9e0ca7,3,1
0x5af88ce7273f939b791e122f2268521066edd3b4,3,1
0xe9e61d47c1c05a36887f49a80307e71f6d505ecb,3,1
0xdd0a245abca015b0c6095f4685810b249bd8947d,3,1
0xa8d2f83ddccaeeeecaad63fec7a94e74504351b2,3,1
0x2fcb67d2e0b538b75decd6bc25e76e4847905662,3,1
0x0b5f7a852e2d4c6e8dd397ddb2028abf80111c72,3,1
0xc688805056ebdd43678cc7724622fc78c17ced7a,3,1
0x34ca924f42b7e882f9112f4ae61fa8e2dec8e248,3,1
0x73eebbaa32164474d35ec65183cf7cb2ad7fb285,3,1
0xd96a41af259755aebbd7d13afef763dfe8197e04,3,1
0xf52a65497128702bf2d469600fea18858235ff82,3,1
0x717714c34c4bfca3eda3885b31d97d28b6c3700e,3,1
0x1c7aed767f18546974b9341791ec0d2ec98cfafc,3,1
0x6187b23a3fc626ecd17348e717c839a3adff3542,3,1
0x618e209e0ed0fa4b321172e45085f86943d3746d,3,1
0x2b5a54303c06c61c917c48d2cef22b86db37bf1d,3,1
0xc915d5d72bf08d71ad9249cedb4acf29db022232,3,1
0xad026aa3ba898bcc90a67b3c2dbf55072b9d0afb,3,1
0xe136c0d0039afae187f022a5e2f37b8bf5d176a9,3,1
0xb82107f361ce6ced8efa5bfbf85aa5c886d895a6,3,1
0x8325fbebbf377214cf99a454d64418f39f1b50cb,3,1
0x00573103d04a8be25b2ff5b578a4a0055eea3f00,3,1
0x0245e4a91da687b75940f8bb18df95f08840a4d0,3,1
0xb5eed9af336a5e16752451bc335676441966b7d3,3,2
0x7b360636f7d28d8900249dc2f0e7f5eb32acc623,3,1
0x90426a594bb3fca3a8c29ce7ba58f35d9e69ac2c,3,1
0x7b2e2b01b349c99bd245ebe75399e31f3a3ff9ab,3,1
0x4323c50d70c39231cf264021ddaacce7d02fa834,3,1
0x0c6013e9351e4faa64744e0091a658fce18f9fb9,3,1
0xa827800782036a464c4e20dd2b9ed14279c30aac,3,2
0xdfdd269285cfc31a47ea35df69e149e49cfca436,3,1
0x188408ef0c26225705f6cdea6148f3f8ed802348,3,1
0x5cab69b123307bcc339f7ccc96d9e1cd972ad71b,3,1
0x099e41c340ee97d524a4cc404c240e001ca861a3,3,1
0x54823f44c552f76a978bda74e913ff5ad8f7775d,3,1
0x6fcac60596571f20e0161136d6e2aad07bbbdefb,3,1
0xd1eb6d6539de0dce661bc7e79b26eaf2dda3507d,3,1
0x4fe071df670d4738a13ede09e029ceae45cdb4d5,3,1
0x02a8e47a7a82f738ed585573e956489e16ee9f86,3,1
0x2844ab9d641f04d49d4d037b01c54c40547ae56d,3,1
0x8bb8fc35375650d38fe68b026bd1a38a14ccb551,3,1
0xe4330acd7bb7777440a9250c7cf65045052a6640,3,1
0x635846dbd63e8fdf5be64807532c1c00151b7cb4,3,1
0x6921a8b25761614430f4191c8c72b0a8539cf93a,3,1
0xdfbbe5686d054944a4e64cdd588f5777b56d1b63,3,1
0xd7bad5eff26389b4ee7822690207b13106e03d43,3,1
0x00e6e5ba943072998d1eddd43727839550f3fbd7,3,1
0x76e0eba2a82d1b5c794177f1478671175db0ccdc,3,1
0x4cdb221892f24969797546446d9e1e128c6d3829,3,1
0x425b270e04efd8da69c676b64a09cd595bbad394,3,1
0x29d3c95d4d8a42ad598112a1c6f909e010ad37dc,3,1
0x65d2fb480d746bdd224b83853665c4ec60eb3987,3,1
0x128fb79c8159843f7519b14148a7a558f48aefbe,3,2
0x6beef2b2fe00fddca12a8cda2d4b00435b0ba3b6,3,1
0xe7688fafe0bb405ce6094a9db2e2c14f94703459,3,1
0x9c9068adb447c022afc42bdf2c4d6a883670ea95,3,1
0xe6013fe896007cd6182384c8fd48aa6d88fa73ff,3,1
0xf848b3d5a4d58380561edcd1dd275b4a6ca47fbd,3,1
0x6d0f9cdf4f3b25537d977b6565d69a36ec508bd3,3,1
0x1d00a545ca7342770a468aaf1c82a67e382b4f10,3,1
0x3156c04f4d5cd61afcc717f85c9e57d4a93c4a1c,3,1
0x8582999351afb3ebd3374d852801849f6831ddf1,3,1
0xcb04c83b1ebd439072d4e00000be418847b48b0b,3,1
0x72db34299d4bb489993a49822708ce692cca3eb2,3,1
0x605dd719317f9236277fd4dcc7e8cadff38d1dcb,3,3
0xf007d06d4b98edf9da0c4eef3a9c7dcb9198d064,3,1
0xfc25bec66581abacb57565b33650a1a72352d004,3,1
0xd238efccf34b647298eb2d5b8195488be9c7a2a7,3,1
0x8127d5ba07990518c24fc45ea7548d2422a8ce4f,3,1
0x9df3ce6c15ed3485893ed6851cccc20e4fa61b7f,3,1
0xb07106b2d4a156ffcdd59b990a6667d4ab0d7ae4,3,1
0x6592d2db2b41a7ce70c535d38e2a5bb23c877d2e,3,1
0xaa1ffc66ec40f5e8ccf0a849c03eb4a6003cf2a4,3,1
0x40f465f1ba4c2aba91c0c896cb92bbe4c7e545df,3,1
0x65a6bbbf266454768192a16f82aac41781f28aeb,3,1
0x1f67848e80fb9854cc0d16a184562467b0738be5,3,1
0xda3a23a6feaad19e2169edc182463687402b01f7,3,2
0x62eb3e90696d302f80c48d859943f0e244823436,3,1
0x94d5a73b1c78480c5ac01eef9aaab4df43ec79bb,3,1
0x50cc381ff7901e7a8cdc1b23d08b91d0a4fb7de6,3,1
0xe5999d107954c53e0a27d673ea1018fc096e3683,3,1
0x0c27fea3f595c4a022b93377f5aaf9b97a1b2ffd,3,1
0xa3fd3586726c6b71b5925613909b40564aff9f86,3,1
0x749bc5122ac127b7f7576806546f267a823fb84b,3,1
0xe6ed0b124483eb555bbcf01ce3c109c9086b84f0,3,1
0xdf2d576203c37c1fe04f9f90635324938bd2f581,3,1
0x6c1d15d0c7678f3ccfe6a62bb4c30eb1a3fa26aa,3,1
0xe56c952425e988e7a89b450393a036ebf3a5e739,3,1
0x835d33a119cd4a5e50f89a4a2c2d84f3ef4bd91b,3,1
0xb75c7a00b9c40969eda5cdd01fc7af996e37a4b0,3,1
0xe0354cc2bd5b1a9747a24d976d25ec366c08252d,3,1
0xb6c5b1a489606028da263eda28063186f96fa921,3,2
0xccd1f40c0f4d41a0dc23a6167a6ee744a44dff4d,3,3
0x7204b2e3105b74398271276abbdb5400026b545a,3,2
0x1145fdb011cc4f8ea0582f65b32558f99d175aa8,3,2
0x750364ccecc0250c2160b5e1cc9f9afdaa99138b,3,1
0x7263b5e5aa6ff97fba9918227e919eb911fd92c8,3,1
0x3da552a303dcd422465cc0c04f7d14be864e35b3,3,1
0xdb6d3826642ee957dad940ec0ac4924ff4add4b7,3,1
0xb07be2f3b41caf8ebbb911b3786d5ba9b7ae057e,3,1
0xd698a5faaa293f100378cd703143fcaa01903440,3,1
0x6e866059dda4f9a8655ef1e4ae0c140cac453177,3,1
0xa792b490d338f3dad619a3e2c5cf42eec4ed0fef,3,1
0x69d62b87d953009308ad4a1f538102e27ab78df5,3,2
0x731080231b2492284894e419c3156d8b981e10c6,3,1
0x0d1f03983eadb3e22719bdb34ac4e9e038df2f6a,3,1
0x7786bd0cb0d7fdaf29de25f9957d6ce831cce83e,3,2
0x4363b7c7ae6ab006342b28142cfd42d22aea577e,3,1
0x1fc8fde36d534bc66dea477362883246737afada,3,1
0xc745132288bdaa2cd29bc6fd77594f995e48eeb3,3,1
0x5a672bfeb1a738004bef9e58c1a833acdae8300e,3,1
0x489b232ec617a5d723396314602f44ea81cf7abb,3,1
0xeaf7814cdf7236bc5992d19cc455f9c92b00aa9e,3,1
0x598fdd699c874440ebd31fdcf5cffc1500735a9f,3,1
0x8126774049e0894c91a5c6ca9da8a7f72208bb38,3,1
0xd68936188779efb41bef5659b9183b34fb7963fe,3,1
0x037175fc9104f0ec4edee1c098a070a61e41938d,3,1
0x8b8c5886e8cf4f3cf089c137f7c3c643f1219c2b,3,1
0x5d5a479aed00aeb079d34f223e5274bea3104256,3,1
0xa2eae178f372220ff6c6d8cacd63efe4e4b44525,3,1
0x2ba0e2e34fabfd086944a790022f2aa0715f2289,3,1
0x26692db99fa2beb72c8caf3f9daa4ba219fc5cfa,3,1
0xf00c946d7bd28406dad8740d0ef66b8954c46647,3,1
0xd09d6f4b6f62ad011705a8e2298fb074b64de480,3,1
0x536a0f02b2d4b2ac29686aa98578c33404cad0cd,3,1
0xe62dd28f82ec6054349b2fb08159a2de29568205,3,1
0xbe73dd17489603e927d47ac0b72a4983ca93136a,3,1
0x6746bede3d6ddeb2635bfce166ff515bbfba21f1,3,1
0x0682c4c713d70b24b62f388bc0eba20c3560f43e,3,5
0xd0e6b0ffe9ca48575bef9e76c12481d9a6c2bd08,3,1
0x5060f72a04d9af728b45860120db6216eeecd232,3,1
0xbe391f95940192eb6d058234554385b4dac3533f,3,1
0x292cd7e32c6a12be6d668d437761c591835a3c4d,3,1
0x2ce2582ab45f11c494b06809769e9d67343db534,3,1
0x59c2fd072340a36ce8cede9c43ad9dafbab1bf0c,3,1
0x3b55eba6479483ce906e736e1bd767aa4bd0455c,3,1
0x7813602ca9c543e3ee9f5f4548cb109f4fbda081,3,1
0x9ddbd7ea8415fd3b0d78f020d0fcfa7caaf88fce,3,1
0xd746aa09189ba15e8765d23ff173d814c1fe1e29,3,1
0x51da2e04cbf86c15c2abf6f8884ac7b6feca14b6,3,1
0x2cdede8fb77a8235ef98357f38eba5d739fc8d58,3,1
0x85fd76654d6e691db87a24f1f17b04140cb669f4,3,1
0xa02e2f62205720830094d13695f5d990c76ed633,3,1
0xb555e396523f9ed0226de2045481015dad3d0c2b,3,1
0xf364522d8015eb9dc04e5d709300d08abc24e33c,3,1
0xc81bb1e61eabc8d6c7788c04abcf14d6f2857456,3,1
0xa07a82f582684219358c17864ec624427c5d3f1c,3,1
0x4c7621877118012e32b84722fb58936dd0d3861f,3,1
0x32db22dc3432df1d5be8bbbdbb790c4eb59ffa23,3,1
0xfddaf7523755940e4dd7ce4a4e1ac666f9ab7ad7,3,1
0x1e0c2e3f0e470460099353c3c462d661bb6a2b26,3,1
0x442dde9e9db9ca4de943f63c4cb28a7530972da4,3,1
0x2540fcb0abcefc430ff3bd9e671309af283256e5,3,2
0xd6814f968f06feb8fbdf38e6ea598720b094e2e4,3,1
0x1218a4580f567843b5f018eb80134beaf58a9d09,3,1
0x535e01887cc6c3d1af50d3f87e7524505357c816,3,1
0x365c76365b7cce5461454438400ef3822f03a07c,3,1
0x872daa156d3bd4374b999e89c1fcbeeb9b654043,3,1
0xbaf15050e6c9f8ecf2a6ad15e26eb3074455ff90,3,1
0x185c963b4cba698ff76c99de784a24f093528106,3,1
0x2ac5f7afa1f700bea919354b3d61ba075ed6c47d,3,1
0xf6b14e979c9770e3b6105027aaead1e6f33f5994,3,1
0x1f3de51f4295be1ad3874706dc85f8effd989a22,3,1
0x121ff5f04e9440f72e2550bb1114edfa773c0ec0,3,1
0x9612ca5ee5e703353320b0f28bbb8aef6b9e739e,3,1
0xa6bd66cc2c8bcbb73ab669242c7b15fbf38ab5b5,3,1
0xce19b0fc8366c08ade51e2bb3f92ec87bbef927e,3,1
0x541c38bd8e48d4db3af2e64006cdca33c3f57cbf,3,1
0x8d737333751d308f53a1d8818641ba1e86288575,3,1
0x1b426f118b620dfe123ccae047304a2a700e7d1c,3,1
0x05acb9a4336d6657446bdfa79f8277d3246ff83c,3,1
0x44f6f2a9d8f7be86730fb0a198ddc66709dadef6,3,1
0x33a107df65b0e7652e019f0e3a5cae235e56e972,3,1
0x8cd6805d7a75614c605f3fd691c626541f186ff7,3,1
0xccfb07a5ff489d71d8e4d0df7f06fea87b6e578c,3,1
0x5a95cdb622089286052ba69d3586698f03f9cd5c,3,2
0x25715dbada1be6c635bfdf35db5b2df126b37aff,3,1
0xe99a6dad246c2509259086c75f607391116b95da,3,1
0xe0cf26296cf333905b2275a438f55a92ed6e6111,3,1
0x17a4d875179988e95f2e97cbab593cb02c8770dd,3,1
0x697123d35e16e1dd6d45316f3330ba740a011ebc,3,1
0x021d5abea6efbcd5dba2c8ae9237471448ea0856,3,1
0x3da77342eb6796d4ef1e0a076d62d8e1308511fe,3,1
0x02fdc80d24468f1a544fb4e5fc620d87f36a2ff6,3,1
0x6452398de3c78edd40a348a8fca83475fba31857,3,1
0xc0c36f34005f6add46ff273111d3003a7fbe96af,3,1
0xc7308095865dca0ade595e88f91c41deba172a61,3,1
0x41a5709c7dfdc50b037272a09f342d6d809ff3bf,3,2
0x61bfc1be02e33a721a8c9784f683fd9e1598f91b,3,1
0x747f17f1020be2e28b5d419d242eb2c8f54c5603,3,1
0x74987d03ab780882be6f03736112d0d374b578c6,3,1
0x1e3fdeed69d4b864f0c14fabf34a45f853a7c965,3,1
0x5278f3c05d02dcf23e29dac002ba38e3ebdab99b,3,1
0x4088d02d9198fc9471f37ce1789e2c6c9658a9ce,3,1
0x5e6db80c7f8d5da245d4249dcbee16e6596521d4,3,1
0x64605be99522c2b5d23e347e4c88d4866e59eb4e,3,1
0xe1fb6d06c7928021c1eb7d1de9358f6401432dee,3,1
0x4a5a91b27b7999ba761d94f82d58cab247f5a6c9,3,1
0xc0524bba112f1e2742ce0632fc219cbcb72a7a54,3,1
0x72bdaec512a7cd4e770bbed19519ac6cedb7b610,3,1
0x0842bccf671b7d41f7e4d577cd6c756f76277908,3,1
0x8fd441b0301dbb19f4604dc4215af97f9de246e9,3,1
0x394c11f5e8b97291118c99e788453eeafd39959b,3,2
0x275d56ac033578fc30a5ce7240132e05af597a57,3,1
0xd0ba471bdcd1f2b53491a92f70da2191345e2256,3,1
0x00d95a70d92d210d193a2598a37692a437d4f8b5,3,1
0x4742ba318cf1048cf7a11efc58104c32d1269cd2,3,1
0x6a724cc552840a84edd6d4897367a9571797a8c6,3,1
0xb48fc68a0059ccb9d50a7fd855f81f3114a4f3a0,3,1
0xe6f54dd55382a7888cb54562e4116574af22b773,3,1
0x8c33d523ca79590f8c1eaeba3b4d42d907442983,3,1
0x09f9029c93d1f9d08cd171ed94cea8d4974fe71a,3,1
0xf00e3fb9b255ece0ae8482956ae4fec69583434d,3,1
0xc314a6e28dd9bcc33fd6b68c0946195bf3f1655d,3,1
0xa45cd9a7685cd9926e59c14305e3af275f280949,3,1
0x1e082baff72e0d0c4df6d3ee5adbcaf9bf646d5c,3,1
0x03a341611595887e6db8b88581104faebf877dc9,3,1
0x6038ebac73755793045bfa93a632c56d47259f6b,3,1
0x6d1580fdb37775e9caa4affc0d8d48dfe17eedac,3,1
0x3bfa32f09a576a373fa46bfa62a0b531310e61e9,3,1
0x59097c8027c887825a739c93dc9f4d8a2525fc62,3,1
0x28b2c35e5f6ed4b92a0184043589e16ff27d9eb1,3,1
0xc280efaa2be9cc9643f01fb209d12c7da3266ef0,3,1
0x2ec8433d89cc1e31320d4b891050f782b8ef96dc,3,1
0xfc9136fe744f3bb81d513f2bd1e8084cca069556,3,2
0x55c91cf1d5e9017998c7dc5fe4f9484d8939d5c7,3,1
0x3d301fca08c158cf67886e9dad5968ecd638a625,3,1
0x0b73c1b0f942fb6e3253bc0e8931d78b6a8aa540,3,1
0x8942277348b8bec2f082b8af76d7dd7e55dae81f,3,1
0x46d6fd6f0c8f1a1e186e7d992037a6b7a8e6d6cf,3,1
0x5fe75108ded13921e233bab5b78ab4ea0ec946c5,3,1
0x694cd849bc80f3f772ab9aef4be2df3af054dc6b,3,10
0x7f44fe06175fe484e2ecc42e5cfbeaa37af9ac43,3,2
0xaf5ef5668e984f9d8f475529c7348b9809bfac66,3,1
0xb3ffd0f321abde1740f6e13be273348baad24291,3,1
0xa9cde283b7e611108e2e71881e1bbcff6d78478f,3,1
0x9ee2f63f90b5e5815903d933bade5650e10f7d45,3,1
0x17e3e54dc5083d6506cb3b3411485d3d987194ef,3,1
0x410d10315d50070cc5f328c303c9a2d7899e5ad4,3,1
0xf9a696a00d90500f3541157ad64ff20dc639bfbd,3,1
0x54df3f9ac7e9445a711c7b57a53fb4be23e54205,3,1
0x9f9460b71c45f6823a41414579a4a58ab8f7e272,3,1
0x461ef75dc65838683c2e0c52c86b67108b58215a,3,1
0xe878bd11b82ae35b8e89038f23718d120817e852,3,1
0x08bd0dc404d50fd01fd9a36abb9047e8ab37f2e5,3,2
0xcc914b141d1dfd2a551d935257cdc667fbd75f99,3,1
0x4461af738df5faf67c4357b3219cc779eabf895b,3,1
0xe729061678553aa62352e7505fd2bf3f9e19e427,3,1
0x559355d188077514dfad3051d19c148c5f510162,3,2
0x2914af76734f4c2e91494ccd551fb9d0c4c5a44b,3,1
0x57d95d9a0366dd68328e5aa36747f67808a2beb8,3,3
0x6ab594b95638ef17c420ed4840176c459bc65898,3,1
0xa46301f4b492e3d4bd60047138108615d583eb17,3,1
0xec5ba8c01b15820e11f601401c42cf3ed8b7708f,3,1
0x001181d93e56aabca837cdb705766949ebde850b,3,1
0xabc686e449575f22fd5c4ba98f200dad193b02eb,3,1
0x6cd14bd9d3c24dc5e74281ef2d6323647bfd9567,3,1
0x4df3bb8aff3313c5e4f707096fd7329b2af2c9df,3,1
0xc67b637ff89acf6bba2a31a13c76edfa28d82bc2,3,1
0x2380ca49ed8e933c97905977763693e5cf8770f4,3,1
0x6eb345e5ae5c9ee447b54f1a2802e76ab2526657,3,1
0x8103e54247831647edd25493015dd9c8d40c1ce6,3,1
0xa702daac1cba772e8c2ef574c09212f70fa67907,3,1
0x7b73900039e870db0861cf98d28c8f1fc766dc1c,3,1
0x196b54d070f9a2d1df7bd4e077602b6022dca714,3,1
0x201af14cde22e23b988f0f48ef18b7031f360404,3,1
0x546937734ce4d9553bf70b9c18ad9d4408aab94f,3,1
0xc031c9206c23623e85b4385b2c870e393d5703b0,3,1
0x801b8f4d127297eb9c18d9d3c4bfa227696c0dd7,3,1
0x7859db5b76dfb27728ec9ad51ac6cf2837aebca1,3,1
0xcbcf09d37f38c18e458514104ce37066e7e9cee9,3,1
0x36d42d2bd4752e1d0cd3d5df7cdf254d7fd43001,3,1
0xcab38f1c738042e1e1208da1d4c6e53dd83c80df,3,1
0xcb5150df56134ce8b22eee7a9a8e6b4453f8ef84,3,1
0xeab31499d8344f7ad3bbb2e1f60652191455d7b0,3,1
0xfe105ae13119b9063557d26d9e69574f9b30d8b3,3,1
0x5cfe9b407415a4b969a3dd85508bc2c43ecd0cb1,3,1
0x6d54a11f73026f4fc997a9679e3f741b0c16385d,3,2
0xda4c60eacebd4f1a342708f98c7038c5fa685c55,3,2
0xe6a57e84c9577269c27bdf3c2be6d22e3d131f3c,3,1
0x31b8bcd1ac243625be07f0698fd52d832d58fed5,3,1
0x7cd1ce72a980b3c7efaddce3ca8694597dbec793,3,1
0x94b746a5a3ce22e6181d30f3d40677acf4ecc3a1,3,1
0x237ac1b67c94bdd7a5903e8a455937f7b22e30bd,3,1
0x6ea16f1263794f4fbffec6108ab70ef795ec8d45,3,1
0x090f0a162fa59f360d4004e6146091ec5b0d06bd,3,1
0x0fb4bbed906bbd692720c12a76db8693b4e2e6dd,3,1
0x9f46e35d3b978f24bde17d080518a0abc9d894e6,3,1
0x9e8fdbd397736691161cc1eb5e753c393baa4ab5,3,1
0xa97b9ae7d99f596581b6646d3080271a4de7fc4d,3,1
0x4f11e438bd381d3c7a06364cfb5e4f1699636c99,3,1
0xb2e714bf6b0cdde7f27316132fb612315f3faf91,3,1
0xe7dc100100f80e7304c683c836a533a5b895303f,3,1
0x95d0499fefcd2d13459797b189a52dfe4979e163,3,1
0x969be410a503d49fca272d9160324fce6fa4d798,3,1
0xb26ca9764009f43184ad60c24818941cff756fb2,3,1
0x895c60d1c84cf8f129b807ac7f4f4fc2c62304e1,3,2
0x813bab68ad81b72b8215deb6042203f75a33d7e0,3,1
0xb0188b9e1c3655e72fc80a426f53db0fc957b683,3,1
0x7788626ba45ba1160e7858e1bf42c333ff1a1dd4,3,1
0x2c4411f53b9e322a63221106c1df33db997bf24c,3,1
0x9f060bb7d61d0921b6a8a277d321ab8cb9045334,3,1
0x7464c8705b3adf411996fe8a1b55580bf5f6c2a9,3,1
0x980b7d21c758b6e135ce2186c14264e686b2e840,3,1
0x5be619f89816bbe22483d391deeddd39742b0667,3,2
0x6f8482ba9e85eb2bb4073cb0b3c07a3a5bb39218,3,1
0x0bc776a118706d92d634cfff57f25350caafd48c,2,1
0xa4b6b30236602018356aa1cd4bef78ef07605ba6,2,1
0x0f1c33908ce18b8a4bc8b97202df3e9f27ad4bf5,2,1
0x1451848c2bf6157cb136b8b4016835b32f8ecec3,2,1
0x2e8f1e23746375b680fc013403ca078a70d1ff15,2,1
0xf13e4fe412099c71298995cec0950fb235bc151e,2,1
0x1cde700c8b4012079157cfb0d12df7fd41f3d581,2,1
0x07a5c501e39e252cfbb4e510fd20e8af6419579b,2,1
0xb8c196d1fb5eca33de1f166d3087b440daa55980,2,1
0x104772c64187ed4cac4bb579d7fc016f7e0dae5b,2,1
0x090f0a162fa59f360d4004e6146091ec5b0d06bd,2,1
0x52047f10727cef3e68bf80d05013672b5b344f64,2,3
0xe65972e9517235c7e24d7b6075e9f8eacf2096a5,2,1
0x4446e30b074ceaebf69f88ca10f169c5e11676b6,2,1
0xf116438bfa589360aaa282b35cedb89ee5a3e8c0,2,1
0x7cd1ce72a980b3c7efaddce3ca8694597dbec793,2,1
0x2ef44eba0ddcd261caa36600fa6d098c04adab33,2,1
0x31b8bcd1ac243625be07f0698fd52d832d58fed5,2,1
0xf85e124fc7313d54388d307ae90e9dcfc0e03b2c,2,1
0xeab31499d8344f7ad3bbb2e1f60652191455d7b0,2,1
0x81780ca917b2f9acbca90d5fe079b0bd16ca19a6,2,2
0xdb876cecb6da9ce361c592841d50fcdf1f8e354b,2,1
0xd091332f0c91a967b90e055ffef208e7b4b39e24,2,1
0x44b1484bccc7a6924d07275be174167957ef745c,2,1
0x26e6eb2dbe3f90d940a0f224fd556f946b5fe26f,2,1
0xc6a32c06254851ec50c72630b64d4c67313be82e,2,2
0xced423a6384407918905ffceb13312e4d64f21cf,2,1
0x4df3bb8aff3313c5e4f707096fd7329b2af2c9df,2,1
0x935fd7a2dba2936e5b538d1b4c5d42fb08495af8,2,1
0x0de3176ac587997dba1ffa786b16e7680fff263f,2,1
0x2380ca49ed8e933c97905977763693e5cf8770f4,2,1
0xeec8f710a717fadb256e2c2954c4aa3fe4b00bd0,2,1
0xfe0d97a74ff7c62cf1b9b5af04d7327b44343527,2,1
0x702fdf5e88c0671124828a8a45baf9caabce540c,2,1
0x2280d1645b735250b9b22b0ce7f72c50c46bd034,2,1
0x1825457502e2d7fb8cb225b95b888d328664c79d,2,1
0xac5d096c78da5a1847ac38c96cfaabbef2d5f715,2,1
0xcd0a5ae9778ccc3597e914c7da645059dc9eb65a,2,2
0xfa430e0d16bcefba0ea03e28ecbbd21a22386017,2,1
0x0ef2be3b9247123ae3d6eb00532f898a848d97f7,2,1
0x5c59fa04b9ecedd7b3db047586784d8719f6ad44,2,1
0xe7688fafe0bb405ce6094a9db2e2c14f94703459,2,1
0xc2a935b665534876d7e32672a2c8be4be882e5c0,2,1
0xa3fd3586726c6b71b5925613909b40564aff9f86,2,1
0x605dd719317f9236277fd4dcc7e8cadff38d1dcb,2,2
0xe2a89cc72cc53f461f74794a4c312636567de7fc,2,1
0xd5f365e2da72bc45210e0b771a914b98b64ca7d9,2,1
0x3d09e0811b87f90640b4441e06f1ce611613dd81,2,1
0x79e3870bf0d51141afedeeb5d2002079a6f8d9cf,2,1
0x9247055a1130770143e6aa45df954686e0cf05ae,2,1
0x2b4106ebc2afd463e8c299a017c898e34d2e0475,2,1
0xc9939f6c520939fe28f41a44fbbc4e522fbde9b8,2,1
0x08d33a9ad2040ee76e1e06d9193ef1b3832c4c38,2,1
0xca81a43670230c3b8d75a89eda2c55874c5dc3e6,2,1
0xc5714f3d47fdd71c62777039c99a24f1cfb65638,2,1
0xfa9915a04c055af966db567e721ffb9f7ca7e418,2,1
0xd24d127ae9b864c7ed284a330ad5ca04182eb401,2,1
0xc00faaed03a511723e9a1c1b5d5a1f6b6e30f3cb,2,1
0x02adca210e728a1799fba603996fa4a653197382,2,1
0x57d95d9a0366dd68328e5aa36747f67808a2beb8,2,1
0x48e7e6ed1722ea3e4cccdb54497a50710024363f,2,1
0xaf9e75a2991998b1538dc57ccb06f109d1125bad,2,1
0xf4e739ce1bbd967583707bb2cdaed401aec34715,2,1
0xaca18fc52b487b5c7109a64c29c4bd9d72dde254,2,1
0x694cd849bc80f3f772ab9aef4be2df3af054dc6b,2,11
0xa91ca1f1b8d19f38c8e657e9a95e92f9a7415ee4,2,1
0xf9a696a00d90500f3541157ad64ff20dc639bfbd,2,1
0x6f15ddf0abd573986875ed740c1a94f5fef65205,2,1
0x89889622cb04b1c91c53d3b1090e3c1df7396f3a,2,1
0x6c5e28f2dd6c22a69ce9c340f9cbce0ad85d3bbc,2,1
0x27c580361f78fcf647def565d67941f95e85aae3,2,1
0xd8a043f60e5734ed43a016d1a458da916ba5cdb7,2,1
0xe1938a9f6cbbbb82fb098fede6634b57202bd86a,2,1
0x8ff1feef8d8769d2f882940acbcce93c659a0a0c,2,1
0x0dcb898025a33e59f728ecd208b5ae9a84db9f88,2,1
0x0b73c1b0f942fb6e3253bc0e8931d78b6a8aa540,2,1
0xd2e18c9521bbb1972ec6f06bb55a8222f9b5a3ec,2,2
0xc60b311b69aef7c3a351d9a9ec6c9a292144bfc4,2,1
0x07e41e018465b591852cfb0090d4d2448c99f0a3,2,1
0x20464f199a94c5cf168707adbae456d10fe04bdb,2,1
0x8fd441b0301dbb19f4604dc4215af97f9de246e9,2,1
0x17e2b7bea6a4852681240ff22b66e9f1ba4da883,2,1
0x92bf860f1a8dca4d9692afc2876caf62c5774906,2,2
0x9fc175cc60e49fde20b9ed820ef9a2f866cdc36f,2,1
0xdd8285758b288920b03cc45052f6411023e4e0a2,2,1
0xc760bd60026ea79010ea71d147f220f052cc9bb6,2,1
0xfa951187d3521e5dbe8d734d9416f965413a0929,2,5
0xb2878885a0083b209df3846ec0aeafdc146fa3b3,2,2
0xf1166eb5d145725f2662a30dda1fe911787459f1,2,1
0xe1fb6d06c7928021c1eb7d1de9358f6401432dee,2,3
0x442dde9e9db9ca4de943f63c4cb28a7530972da4,2,2
0xccd1f40c0f4d41a0dc23a6167a6ee744a44dff4d,2,1
0xedf401161a23afb00b469e954f81f52bce9c4a0a,2,1
0x4c0c4abce64eed4b3fe04dc2b8bea360d5c9fc88,2,1
0x7cad9517508f2fd9fb8dac6ded1b394a079cce45,2,1
0xa548d95378ec16e000563d89684c64869f72bc0d,2,1
0x3a48fd2db31d1b24a2f9b19ab1d9ef4110357566,2,1
0xf007d06d4b98edf9da0c4eef3a9c7dcb9198d064,2,1
0xbfe440c533f6861c00e71ce187f37a1a70b7b7e9,2,1
0x03a341611595887e6db8b88581104faebf877dc9,2,1
0x88f762b19e6f5237c6c4f901a22e70f988e54901,2,1
0xa4cedbf76beeda93b3b703dcc5aac6b3c0ce8529,2,1
0x8d49bce63c74a737838d56c2c32445e51542af93,2,1
0x8e1aeb8653f30e7147ae6f37e7ab1df1c0a87e9f,2,1
0xededeb617112e8da52294f12c1950a06cd5c2286,2,3
0x8fb07b21383d331f3752a7590b0cfeac85514a1f,2,1
0xba805db9bcf09dbe32c94f75a4f55ca09b53f89d,2,2
0xbd1e629e0ac04c2925926485f1c47e44c47da8c2,2,1
0x8c33d523ca79590f8c1eaeba3b4d42d907442983,2,1
0xbf42cb497758accc83e1671ce2a339d88124c8d3,2,1
0xa43838f64a85b79acc3ace9c298f7f78d3562a2b,2,1
0x7809032ac80875b24b70a3304061e2c333901909,2,1
0x0682c4c713d70b24b62f388bc0eba20c3560f43e,2,1
0xa45cd9a7685cd9926e59c14305e3af275f280949,2,1
0xad026aa3ba898bcc90a67b3c2dbf55072b9d0afb,2,1
0xb6c5b1a489606028da263eda28063186f96fa921,2,2
0x68ed9f70938f810fd9c9f86d2a3c156b1613555b,2,1
0xba3c1983fcb330d156db75a14a14eb447cddc7b2,2,1
0x552544565b93cca46e8a9d11f4a71a78c6d06f36,2,1
0x248053fa2557c3722abbfcf4411e9a80376a7ee9,2,1
0xb2d2b5d6019a0453d103d5d6b395d9bf5b08d2f6,2,1
0x66768b5d4dafc72a135d4be44ec44b00ac48dd72,2,1
0xd042a326bef336a7f4fc1d548070d03f827acc21,2,1
0x79c75fc2af7bba0c0fdebb62aa2aded6589712b7,2,1
0x91a5856c5724c3fb5751856381286d0ce4133c1c,2,2
0x9e94d85c0b676073827a8c11eaf2582280ea29fc,2,1
0xdfc8f0903873d8d48b1b4f86433d7f2370bef638,2,1
0x753da7f0207a3e7e05de68ac92f9cedce8863b8a,2,1
0xf4d49945511eadda7b500b87fdb642a8117625a9,2,1
0xc4cf93e6a744effd072d14c7516780b93542f4f6,2,1
0xcf38b58e34a482e684a8eb8f0bc186e26f95fede,2,1
0x163f36e985f1d4ba45bd54e80ccd5ae685bbe502,2,2
0x6d2d5ff467e28860195dd425ec07ade8fc5aa639,2,1
0x39a56d3809d810570f017cd97ac6059a4c4fa044,2,1
0x3d37cddc54b49663ca858354cf4e68cc70e9c8c7,2,1
0x6213f103f2c6bbc2034ac178268d58015e9ea366,2,1
0x1b4ac3c27158a84af671607f486cd2608c1b64da,2,1
0x23352274048474281a43a66417171a84a4fd8a18,2,1
0xc836373d902c13ee97bdce257e1f9a721f684389,2,1
0x48a9a3d1bd42bfb75335a4e85ef14bd299bff828,2,1
0xf309921083cdaeb3758bc8c24a4156edfa64ca2f,2,1
0xb6ebeac81162f76b5a7d553a77930666fb63ff62,2,1
0xd577d4c958db58e755b9e63f6b36597f6479a92d,2,1
0x96bc650f098a697aa04829fd2601935a12d3df54,2,1
0x1872b81f5d9e6a2ed94d15cec849c54b4e9c4eb3,2,1
0xf1a948fe45cf7e2d555b5c0ce5ea50784d2bcf31,2,1
0x49dfae3eedd076fcb29c8f81e3bb05abf4bb932f,2,1
0x7b7e1b5cefbaa160987b70d6f3967e41f5d405e4,2,1
0x2cccd5611f5ba6cbbe226e727f1a0374dc2ce0a4,2,1
0x6beef2b2fe00fddca12a8cda2d4b00435b0ba3b6,2,1
0x4bba092200b3be7865f7ec66f14f552dcc40c392,2,1
0x954d5d51cda790c678a41e807e670e2b443f0224,2,1
0x0883854530d2367a3b870cb6123bc8c4d5ec5151,2,1
0x28fe8ef2def1f5e6fca4cf2e41936ef6cb77a007,2,1
0xe53a3ccd8236bf84be8e89715ba18c46631e4154,2,1
0x2fbb04ca08be1094f6131e2c8b33368b8eef5f9f,2,1
0x86e353d8b8b2c7f5b0f8857603562dac1739ddc8,2,1
0xb5eed9af336a5e16752451bc335676441966b7d3,2,1
0xeb95efa05e1e23a603d8501d102b74e24c16415b,2,1
0x984759e2d20c73162b85754cace9862c3c1600c7,2,1
0xdb27d37572ea22a7c2b82d15101d6cabdb0b6f74,2,1
0x9e1d0f3c19efcd0668517cad02e61f00fd55df60,2,1
0xb5e29df00b97b50dbd4b54b3e7f8c9af64ab7aa4,2,1
0x033641775c69ca251a302c4fdb8cb58abfa4e563,2,1
0x1425ee0f8685682e0baa3606696ec4dff2b681e9,2,1
0xd6814f968f06feb8fbdf38e6ea598720b094e2e4,2,1
0xfa0748286abc98df9e0d7ef2c7673386695fe376,2,1
0xcfc498eac121c4b5c55e342185f053257646f9ea,2,1
0xe0f9dcde2a14950ecbd795919f332a7eb3a5cd2b,2,1
0x31c56e5155cbc7aeee8c2adf91d2fadfb4cd3a8a,2,1
0x215b835f7247742ba04cf4a6898b62ad77641b85,2,1
0xa73c53e3bc151068ef676ca04c69bc11191e9093,2,1
0x3d301fca08c158cf67886e9dad5968ecd638a625,2,1
0x34dce501784db8a02fc9c6b2d576a42044e5fe1a,2,1
0x5db29fe8e34df7dc8b3f75c322859a03f43af83f,2,1
0x8fec4d4154482f28283c77ddba964115fc43cb59,2,1
0x304784a01257e77f17026fae0260ab3bdd1a1fba,2,1
0x89825d0d4f6e2a9eef2fa81277f8481523705905,2,1
0x72e9e25839388d3a3f438481c71aaf76ca027acb,2,1
0x3c324985aebcdac1a0609eb30c7a8911f02b5610,2,1
0x9507bb373e85f2f0681472239b85171bd7abb092,2,1
0xd7e007f7e5bc97a65484594a6ff1e6731b0d17d3,2,1
0xf8964d744657a29792165b8f8e495f3194596fa4,2,1
0xa0e3387ca51f6a5877f52fe2fc70adfad15d6b63,2,1
0x527aa75719d4af3089ee8eb4817903e3e65ed0d2,2,1
0x41a5709c7dfdc50b037272a09f342d6d809ff3bf,2,5
0x9ee6a7b988ac00eb5fc8c995f22ee35ca68fd3ac,2,1
0x3bc13761c860b6c3ae50e17a3691cdc99762b4e4,2,1
0x8325fbebbf377214cf99a454d64418f39f1b50cb,2,1
0xdac6ea68a6bf34a972118398de4ee48d253ab4ca,2,1
0xcc7ebb60515b036d6d01869a0d16def1fed47443,2,1
0xe56ba4ebd091a8a6990691390820df604c34df16,2,1
0xc1da55b3a3ba4fa12684a9e16ff8f057e3ee1ad8,2,1
0x4337e4e06997bb5a4a830d0795ec43b6ab2bee78,2,1
0xbe391f95940192eb6d058234554385b4dac3533f,2,1
0x31ea77437e6a34877d7433d81a085eeb1a80262e,2,1
0x6a99dadc216a83adb0191c264a1774e82fd31aff,2,1
0x00b558cdbfbc4bbfee629bc624f3bc9204ef1022,2,1
0xb9601012910144f26a8029ef4cab5e2f1fa591b4,2,1
0x9606140d8501cfb38ff8162fa01bdbc3effcc299,2,1
0x6e238d6a2f0d5138445c2999f98135429413e12f,2,1
0x7f44fe06175fe484e2ecc42e5cfbeaa37af9ac43,2,3
0x1f9c9cc6c3b32454ffead2e6cb4ffb31be9739c0,2,1
0xced9f37d056588c141050a80914bcacb4396c67f,2,1
0x502dd7be75ddc0d6393225f6796fa44a0073da14,2,1
0x6187b23a3fc626ecd17348e717c839a3adff3542,2,1
0x92d1df1d59d26cc43281c7776138933305b9f720,2,1
0x0476f3ee277eb20568ee2369b337f3ce55bc558a,2,1
0xcf3ab3cb2131ac389f83a77ab05b42a3c09875a5,2,1
0x34df0893a175eb2913c97e6cf7739638e7882ee4,2,1
0xa94590bce6f01bb888297059946db0c82ddbfba1,2,1
0x00192821ac5aa999e8c8a2fea40da71796513bca,2,1
0x628004e2ad8f44850ed962afa317c23fc00eb25b,2,1
0x057dc8dbf5c1ec45b95417a4019bf3021f3efa56,2,1
0x8dae985cd2f7f3a2a367a1109c5f0d1ab5c0ff02,2,1
0x691107a33bd7b3175856a06fc596cf912ab35c0b,2,1
0xf6cc2e24472b0efdd3fb8ed413b539499c1a6bcd,2,1
0xf131e268ea9dbd9a9892d1f8ee0141cb2e6cfd30,2,1
0x72db34299d4bb489993a49822708ce692cca3eb2,2,2
0xdd177053b92716270fea2a17d91e3dd97fcd7395,2,1
0xf364522d8015eb9dc04e5d709300d08abc24e33c,2,1
0x19cfdf5bc6f703ed3e759c29d475c96f748d31d6,2,1
0x17e31bf839acb700e0f584797574a2c1fde46d0b,2,1
0xa6bd66cc2c8bcbb73ab669242c7b15fbf38ab5b5,2,1
0x2dc209bb27a106ca42776ca5e599d9e23c13bb92,2,2
0x6815b554b3e5528d36d03a12517a494b1a4d0095,2,1
0xfdf1dd4ebf0f301dee7e2e7f7d12d9bb02e7da0b,2,1
0x391d6cbfcc41fc92b68f67b90832ec5e830e8e2e,2,1
0xcceb6f191dbacdb7768c23dd339712ba04be77d8,2,1
0x9994718358d0e358062e57d3f34fdaba62682a85,2,1
0x40fec8a327945da087fb4125b3f135bbf61da027,2,1
0x4c40c051961dc491a0b00c78f61316185c46d628,2,1
0x732e3f711c6b67ab1e7d2fc35ce46f51f97e0bdb,2,1
0x3bb031f6768496ca55cd901ae8069c023c626eda,2,1
0x793f29cd35ec4363a5e476ea2c82b2ce85ef2585,2,1
0xcb5150df56134ce8b22eee7a9a8e6b4453f8ef84,2,1
0x3bfa32f09a576a373fa46bfa62a0b531310e61e9,2,1
0x6beae7f83d9b212ab045b0054a8bccd5e398ed42,2,1
0x90320e5b7c314f7eb00c4c2630a90aa11d8ef588,2,1
0x4461af738df5faf67c4357b3219cc779eabf895b,2,1
0x9e8d438f182ae5e241698baac41cbe24ebdae60f,2,1
0x9f4c8215933dd9e0255d01fc81b39e5735f6fc9d,2,1
0xed8ae8b8f96f0a154ddd6f7d7e4847d0aa77f4d0,2,1
0x5889d3094799dcc8d22869d3ecc1d78753b1be4f,2,1
0x0ed746e4e9fe4443693119bf26e3dc6955bd125d,2,1
0xe53d63aa9bbc00a81e141391c863868989bac840,2,1
0x8556e9525729e3654e3b8c7ce4854f6e750b8e9f,2,1
0xcdface1a300defcc5663865b5f148ebc02f11421,2,1
0x237ac1b67c94bdd7a5903e8a455937f7b22e30bd,2,1
0x20a61d25178a3db1f66834051d2aa26663617f7f,2,1
0x1d76271fb3d5a61184ba00052caa636e666d11ec,2,1
0x0cfbfffc9cc0f99fd4d368f63237473bbb40dbf2,2,1
0x58084e0b82208bb1baa8a78c2eb661abf4b4ad5d,2,1
0x69930aec2ef9cc9c8c347a950d54333910cf5652,2,1
0x3679901b615097469c168ad673494ff5ced1b31b,2,1
0xac6e949c2efb34eb07661dbcfcc073f778c6982c,2,1
0xe8a6e18eb3b448d45199b63b256e4cd7b388f6b5,2,1
0x51ca8086b07fee505825090687a865a2f67a5211,4,1
0x3fc9f7837171d760ed13fb9319691f684d822f16,4,1
0x44c0e526132276dac02c902909be7ea24957eae2,4,1
0xd710bf545f84b81db829f46077accdc1b4533403,4,1
0xc67a487f194ca81e4f1940342a986e9012a9a3fc,4,1
0xad531c6758d008bdfa110b6dc412076a59ac6668,4,1
0xd47a5a6df2fa386bb25e6b2d739fe3fda3dca471,4,1
0xcbe7396ea129242438c565ec5dcb8a37f187e639,4,1
0x1cfecc1b8f8a1a32bf9f172ba51fc33234d22674,4,1
0x4bba092200b3be7865f7ec66f14f552dcc40c392,4,1
0x60c6c6f4114d8fde441756a965873004df445497,4,1
0xacef7f530b4691195d6818236e3c98e431965243,4,1
0x78336aa300d0e9485a961257fcb8f2752927d485,4,2
0xab99badb6c5293dde7ff3c81a64083c5581702c7,4,1
0x92b4b133bdf0523188a373b8ac2bb0606ed1a509,4,1
0x19bda3d3193d485fafbf12c1b529454c8837c145,4,1
0x39ee4dce7fd36ecbfa570876f58cdf6eb17a8c78,4,2
0xf8964d744657a29792165b8f8e495f3194596fa4,4,1
0x0acdb31cb2220ebcb20cda84f09477e6b52fe424,4,1
0x45568768647e3c0195d955443d4e70e5b94ed275,4,1
0x7f500b09ae458641fd0bc78335acf19994c73cc5,4,1
0x3b55eba6479483ce906e736e1bd767aa4bd0455c,4,1
0x43bf19b30d6161169738898ddb7ab5d39095a494,4,1
0xd64b155fd51de27033ddec5a4a3eb4ce0f1d3bc3,4,1
0xd2eb88fd6437f709182407d9344d8515f8575f7c,4,1
0x37b91bd7d60d313a8c00c89c1e1ab880685020a4,4,1
0xd4235db8009f376e70e2f53aa66f0a0ee6b8bf4e,4,1
0xd8af55f48476b2181c12b91685798472c7aa4c75,4,1
0x3dec4275ff4432902df081bd9204ee016948d8e3,4,1
0xf7e14ffc93c20779b7246dba7d5863f80bbbe076,4,2
0xcb07e080db4cf0cb79825630b72bdd4de77d2884,4,1
0xe9c323975154ed172a827b58ce75af7d408e12be,4,1
0x131aa683891c534828ae98c4f743aba334769371,4,1
0xe03b3d413bfe62cbf36fa643aeaaef6976ebba48,4,1
0xcb8e60d27ece7979ae29e902671627aab3f1fe34,4,2
0xadd8402f19223bc2e4b8bbf19501cc75a82e2a7c,4,1
0xced423a6384407918905ffceb13312e4d64f21cf,4,1
0x9706baf1eac15527c926da07c807963997a511e0,4,1
0x4c055c7651634c73c1d5bed2193b7da3be9e9296,4,1
0xeec8f710a717fadb256e2c2954c4aa3fe4b00bd0,4,1
0xf13abd73fbb95effa1064e81951ce8e8b9f85e4e,4,1
0x237ac1b67c94bdd7a5903e8a455937f7b22e30bd,4,1
0xac27c3c1a918fb5d97f32641f799c2e757142e95,4,1
0xb9f8c730d8002b3094efbc2579e4e6c885107a6b,4,1
0x59f8ec4a57b803addf174bd12e20ea8e97baa45c,4,1
0x1686792ea19cc9f3fb632dcd778caf1d3738bcc9,4,1
0x1583fa72844f06f8f01da81d0449cc346506b490,4,1
0x600b53a85cbfb0c8664e0e0e298b8b664e5103f3,4,1
0x244c28d38cb556a61bd07ba1b3dfd2c1cddfdb37,4,1
0xc60b311b69aef7c3a351d9a9ec6c9a292144bfc4,4,1
0xf9a77d955071da2dcd8128dccf7a3e06ebf21dd3,4,1
0x74317b22754ea50a63ab0ff47681a0d1f58aa139,4,1
0xa101a41653777578dae97bd4da543211c43eb4f1,4,1
0x221758f3f62ceb298d1f7958ec9d9401afbf6f93,4,1
0x16e566872d69fa48070d8d1ef1edd59fa7cb3ffc,4,1
0x25b5155c9bca695b10d445e4bbecfe81132fcf5f,4,1
0xcef3486862c65e389125432bb93b6de5b716576e,4,1
0xc0524bba112f1e2742ce0632fc219cbcb72a7a54,4,1
0x8ff1feef8d8769d2f882940acbcce93c659a0a0c,4,1
0xbaf15050e6c9f8ecf2a6ad15e26eb3074455ff90,4,1
0x47897af04fa0ff664a3e280121d52f47b84a260e,4,1
0x7cd29b07ef7dea5d212f162ca3a0cf8e992b1e24,4,1
0xe136fad8b91e9a2bfd777e94bbe97d53065fb854,4,1
0x03d4008f7d4aab415eba8d80443fe35392407103,4,1
0xe47e1ac440a31a8c77c825cf30d9a91f6352bc84,4,1
0x7096f35c640cd0edfde78094c8a72f3d08179ad7,4,2
0x06020f527c640692542d542a4d25fc104e8f46a5,4,1
0xcb7797d3ef28100ea7a80070070e0ad8c5d2cc63,4,1
0x292cd7e32c6a12be6d668d437761c591835a3c4d,4,1
0x95711dbfd1ae80036007d09740b3c1b6995add52,4,1
0x043e75bec110e1c80f233bc6b86c59a9827583c6,4,1
0x8642163d9e63fd95eea0503e72a5f6eb24efe58f,4,1
0xf6f97ace04e8e21f3db0d31e255fe3b708e3902c,4,1
0x1a45d7d61f487efb85a23ea359f4814ac62e23af,4,1
0x2280d1645b735250b9b22b0ce7f72c50c46bd034,4,7
0xa94523f310057f5125edbe86c236a870d13d481e,4,1
0x7c36a96cc8e561ad89c7a5b044c8a532d2824f6c,4,1
0xae7b0a32453e18ce51b45b6b904d6d2c13cdcb49,4,1
0xbb4ee717269b2b76a605c1de347591272974b714,4,1
0x76272e6608043ec3a2eb6741e4fa919037b0daea,4,1
0x69277ada0165c57764bc29edf4832ab8988d537b,4,1
0x4c9fdf4bdb3dbe065c3a96202ee09a780184fa7d,4,1
0x141d416163b6c2251303ac250168df1c8248b04d,4,1
0x502fd4ea2082b70c91f29a5a78ea3abf2f5c6aff,4,1
0xb1538190119f800a44c80000b32c01612f04ee38,4,1
0xe99a6dad246c2509259086c75f607391116b95da,4,1
0x221308bd557212864445f66750993391e3e13bf7,4,1
0xa502fd0c38d530498d9fb52bbc16d967823483ff,4,1
0x28e58a14a39c6bd994e4864119a0348f233992c0,4,1
0x20b97b5a326ecb153f4d375377efbf3db574a101,4,1
0x10ea3591f76f1099171fb8301d1e0e12a40d128f,4,1
0xc9843f27c545002e576099c6e91ab71529741fdc,4,1
0x2310da9a053ee821086eb150025f67db0313ada3,4,1
0x75331ebbe0b00b97cab532384f13c9b479f074ec,4,1
0x52fa613b2097808e275356c6a174d0b767f8e0c4,4,2
0x8325fbebbf377214cf99a454d64418f39f1b50cb,4,1
0x5eeb08edac1e25187907c7ee0a883e065c34157a,4,1
0x33d883afbfdba32f159697ce55043b3e89cff4bb,4,1
0xccd4a967b1dfb0baf7bf10ed63fc80ce7ab877f3,4,1
0xaf469c4a0914938e6149cf621c54fb4b1ec0c202,4,1
0x6187b23a3fc626ecd17348e717c839a3adff3542,4,5
0x7ec68a9f7ae276101cc40614d7c3cad94409da95,4,1
0xa0e753cca2cb589c3f82e7a67a75dadb37eb762a,4,1
0x3f62a2b24879439930846d386fa868923fc4fe1f,4,1
0xe6a57e84c9577269c27bdf3c2be6d22e3d131f3c,4,1
0xf0e3a43937106bf44570ca751d3c090d2af5865f,4,1
0x3146b8c69afb712e5f74b977175fce07eebb7cfa,4,1
0x29d3c95d4d8a42ad598112a1c6f909e010ad37dc,4,2
0xb9950696e4ee05ea2030c3ebcea9a4a8f276f746,4,1
0x2e196fbc672d16fd489d8a3af37fe145d25e8b38,4,1
0x337ad088b8c10b43748b8c320f847c1716ac2d88,4,1
0xf7abf801d12e9e5613e0e5d92204f0c1d206084c,4,1
0xfa8af2b6f2a01a2cffdaf96413a6011eb49f2a04,4,1
0x3db8b64043ed628cf54cb72fc8d436e3484b34ad,4,1
0xcd9f65da3ac9da9809f8d6858d8ba45e60e25371,4,1
0x72e19f086f88db339e3ac4cc69e688c9c43de94a,4,1
0xa45cd9a7685cd9926e59c14305e3af275f280949,4,1
0x90adeaa074b3961a5730b327e2f57ae8fd7865cf,4,1
0xb89e08062734f4a576d6a7f184177040ae221e65,4,1
0x0372f050d1f3b35cc17d32dfaa042cb1f8daddb7,4,1
0xb1b5cf9d1b6bd713eb2b0abe93e7af7e0ab3bdf3,4,1
0x6b8aee61b1f90ca061858107feb2c3cde7128432,4,1
0x3ced4ab8f70798c4354944261d6befba89a51171,4,1
0xe9a294056dcfafb7961c7112d4f65e3956e1cfe5,4,1
0xddc6775573d23ed2fed140a0872458e35902ccb5,4,1
0x113933056d16a2644565acdff6c99f4798b64b7f,4,1
0xae5b77398ec2ce3b418939109afe98afc77f6176,4,2
0xa575bb7e13a17f6d78e83712a603cc0db306f6e8,4,1
0x8942277348b8bec2f082b8af76d7dd7e55dae81f,4,1
0x53527b460f7890652279bbaf5922654648bdc634,4,1
0x0245e4a91da687b75940f8bb18df95f08840a4d0,4,1
0xf28e9401310e13cfd3ae0a9af083af9101069453,4,1
0x6213f103f2c6bbc2034ac178268d58015e9ea366,4,1
0x661f49967ff8094dd129a15e63fa0f6b66aa487b,4,2
0x534ec05791d9b3ad2773dc1c94a834ca1961ddef,4,1
0xda97028e06b5ffe6c9cc479ac1ec7589da589234,4,1
0xaebd53bb5d6b14a978a9450084e42b8e1758e419,4,1
0x6d742a10174486b30b6d2b60893b4c16e2dcb052,4,1
0x63b8769be4c9a36438f8027b7055a6309647c002,4,1
0x5437ff201fc726cf68ea92fd4e4ef59d497d58d2,4,1
0xaf1cc56a81ae3db157b73db4dbcd20907db5793f,4,1
0x7cb11ad7083faf5e3ce9f09a74d2fe20f32204e0,4,1
0x800ffb320e09913544dd5239507f6751e8f1d652,4,2
0xcb6617e3a0daa049adb179162ced28e4247cffff,4,1
0xc78d06a4553f520c861a9a3c380ec25586d1f9fd,4,1
0x694cd849bc80f3f772ab9aef4be2df3af054dc6b,4,5
0x5dd5e32e7a48caf02f30ca90ae4ff26606be2e21,4,2
0xae5be4236ee9dc28fe5dd12e1c2f74d96a2b97ee,4,1
0x9b7d3dcb12f7d22a47b45c26dc7a7530c766e8f4,4,1
0xd46ce79d7312fe5f8ea58d297746618ecff7816f,4,1
0xa05bca6f6d9c0bc2c3a597ac3f800eaf502aca66,4,1
0x07cef7ab6183a20e8246d97e614e759be066526f,4,1
0x2804f154270b1fbba9585ead18e51bf50bc76acf,4,1
0x55c91cf1d5e9017998c7dc5fe4f9484d8939d5c7,4,1
0x0b73c1b0f942fb6e3253bc0e8931d78b6a8aa540,4,1
0x68c8bc6577c091dac3ea75c26594fd26f23e91f4,4,17
0x5897dc461589f281835a294b9268f7b0c709cff6,4,1
0xc14ef93e90ad408fc705c13dd6217341156e99d1,4,1
0xc1b1c639727c7d85c03386f68efd97de9ae2c220,4,1
0xa45cb44c942eef39c29fe891aa79cf8cddec541b,4,1
0x9fd3c467d6b8abcb03147dcaf0d717cd50fe9b27,4,1
0x07058f4bdc6bdaee93b49fe30ff11fda646ceca0,4,2
0x73fd690c80f9558d0e005ef31559bae7bfbb1089,4,1
0xa876ecbeb1b44505f776aaf2878804f164365ac6,4,1
0xb556917a1a0d85c6ee305a547586f398b7b2fbca,4,1
0x04208078a227d22d383cf571b1b04956bd7e298a,4,1
0xcb928e11ccdada6862ebcf7478f7eaecb410ff0e,4,1
0xb24cf07554adebdaf0943d745ea1a9d83235c4d2,4,1
0xda797890ccda3f745baff66c5e92c0d3a9244dea,4,1
0xf9b0b367a9655013f7260b9034fa031e23c4a229,4,1
0x2c04f59150bc4615fc7809d6980cee769a6adac2,4,1
0x6b18ba01a4294604562d39554187819b632d5666,4,1
0xc42055ce0ef73bab22ba0b207ab4d318956bcc3c,4,1
0x91a4328fa138f5800394bc3076bae0aaee270919,4,1
0xb4371cc40622b7c0fbce3c0eda386cb5aaabe010,4,1
0xae3c363d9ef74098659d6f19864acf6f96dca846,4,1
0x5b110dde3ee83da1b544ebeedd1ffc9f19b05031,4,1
0x0dd480b9b8209b2a1438db721c2ae904df749818,4,1
0x4d135e416858c893d5de581e2894cc86da37a4c4,4,1
0x91a839a3819e223c4e9ac112fe3708d41607588f,4,1
0x70865756f95725b76237c6f5e85f15cbff4e25ba,4,1
0xbcfffbb34c808c91e88faf99acc625a9c87a078f,4,1
0x3d301fca08c158cf67886e9dad5968ecd638a625,4,3
0x87a83f58eead98d14a5e0b02526669fa31d7a597,4,1
0xbc01e2e5d8a2fd1a0d347c07255664e4b7b5f944,4,1
0xb3ffd0f321abde1740f6e13be273348baad24291,4,3
0xcc30de0aa9788d2b792c855353326d6e8c7b4097,4,1
0x5e6db80c7f8d5da245d4249dcbee16e6596521d4,4,1
0x53a664cea00d315ae9e17918ecb91ec2b37b032b,4,1
0xc470bf9417f80a9229dcb6472c13bbb51e92b38e,4,5
0x0dcb898025a33e59f728ecd208b5ae9a84db9f88,4,1
0xad026aa3ba898bcc90a67b3c2dbf55072b9d0afb,4,1
0xd63f7184a825f35d11e3fd97d3b4668f29208234,4,1
0x83c551fe5c49aceb7d909cfb80945ce870b1889d,4,1
0xc2aab019d44f767c0c4a13f3a3c04d41f3847064,4,1
0x5c914234d0c2a1e9a44c60bb3dd1f3e660520dec,4,1
0x20464f199a94c5cf168707adbae456d10fe04bdb,4,1
0xddd2c275661f445d738306796bb4e2a702e8c0db,4,1
0x1efa0d654d2ceaf84e14c60b3971f572ba169253,4,1
0x2df2451392fa36073fbd85d1d73281c685fcd3e3,4,1
0xe56e4ece94c649425d26d9b4f87c58e33a944390,4,1
0x74d5edf85139c6289f2ee1ff49dd8e1864b0104c,4,2
0xdf858d5fc6b9622c5e7ede61b389b21f81d04844,4,1
0x67a0a0b71f1285a27c6fba45bfbd7a2972d3c943,4,1
0x03a341611595887e6db8b88581104faebf877dc9,4,1
0x80504d9a641615274c7f72cd358c53f7b9c8ab3e,4,1
0xac40dadb6f8017603a030372d35f20723dee9623,4,1
0xbcbb0ff5231dabb9e043b67c613cbb4d6711f461,4,1
0x4df3bb8aff3313c5e4f707096fd7329b2af2c9df,4,1
0x38db03871801b2c07757a4be394e72102069c0ad,4,2
0x46d6fd6f0c8f1a1e186e7d992037a6b7a8e6d6cf,4,1
0xbf42cb497758accc83e1671ce2a339d88124c8d3,4,1
0xd8b17410c376adc66244738e8ac2a22cb1f8ef74,4,1
0x3ad84ebb57e761f14138a505cfe22524bc663fda,4,1
0xd67471a73711583a31dec7757dc12f7daeefa78a,4,1
0x546404846d41ef75e09fb170a9777ec198dfdb64,4,1
0x0155e31d9c01c28395277bd4210bf5c51965e8d6,4,1
0x62323251c442e12ad5ccadcbb83ad0c6a0ae396e,4,2
0xc429d3d3757980a855b0a3925c4d46e80afc24e4,4,1
0x8660ba404cc768a1af952c370a72ddb08c0173cc,4,1
0x221c2ddead7c7ec36f2db78b5f6ec54348cb0b4e,4,1
0xc760bd60026ea79010ea71d147f220f052cc9bb6,4,1
0x8f8f7ce7472c5017b71af3e445ee2242130f9f8c,4,1
0xa6bd66cc2c8bcbb73ab669242c7b15fbf38ab5b5,4,1
0xdabc0fc8ff02c784871e1122784dd9af15aaf0d7,4,1
0xfd3dd3acecd7cb6f53047957c87f99d5bff62603,4,1
0x46f131b6f01dc1da095d4e7f873efdc5cd9e80cf,4,1
0x0cfbfffc9cc0f99fd4d368f63237473bbb40dbf2,4,1
0xe492903d7fb2abf173cd77e1f975b54e5a63d162,4,1
0x8a6687856ee83a88df928a77008e2c5df1dd6a74,4,1
0x278a0a538fe0f1a9e38f5b83d6305f42cc0b8711,4,1
0x44234fd9c5c8aaa568fb774dee0b1c3791e7cd08,4,2
0xa6950815a6750c34e31c178e53057bfdd372df90,4,1
0xdb64b8a31c7c7a782a47e63a523765f255ec544e,4,1
0x7ea7d72aacc5f44f57c09c4fd7f9785419ddd975,4,1
0x14e857d014d3ece7ee520065622ca97593e8fb8b,4,1
0xbd46079ac3426ea77b12a6561503eca8c5759c1f,4,1
0xcaa7e6aff100c6ff3d354717919375593e403016,4,1
0xdb7ce519ad0386b532966d644bc5b53efc5773a9,4,1
0x61223fe74f49d8b3253b46e3db9eb4e935c22788,4,1
0xb294891189058776a6b12d1fb47ee5b3ddfc46ab,4,1
0x356ebc6d862a2fd6c8b71bad82ea9ee1e4f1f4e4,4,1
0xc7d7ffb6484ac68efdbca7a477a63ce307e8fdcf,4,1
0x46fbef19d275f5c0767ee7573227f208a1ce906e,4,1
0xf9ad71c3715b12f3fc70e8e9f3a105ac2438f3d0,4,1
0x60710dab6dfeddb026cd6696c59c3ee92dc600d6,4,1
0x97bdd95983b8f85e8f0603c38e8cb94d9ab72bd7,4,1
0xb4e43f43027fdda13840a1595341d7f543e6c4f8,4,1
0x0f59f5f3039fe15c5cf0ec1d0966ac84630c29fe,4,1
0x473774791b1ff43929f1065285c2361ecd709e92,4,1
0xb580c57f20ad096f1c38021ee2a10290529808db,4,1
0xb7521c68a32da9edf6970fb28ef6c873537f2a88,4,1
0xa709c8c856296f7be23dbb3c56b88394b4daab82,4,1
0x04ef5ca2398ebb03fc1832d3b1228e7ae45e5c1f,4,1
0x81d3d66054c552b520f4b9ad73238eca0b8c9977,4,1
0x75c60e92fe1fc3481b6a2a9550e0127ed55813e7,4,1
0x74e703d13c51f57bafed364057aaba7d436a7cfb,4,1
0xee264a9bd70dec66811b9a7c80f46b4fa6f29e4a,4,1
0x019b18b4a3d17b457013b489a1e65ec529e7b917,4,1
0x627a5aef1271e635e0445aad00255d9c9d6d209e,4,1
0xd9c03c6c358857c3e664d326be9db36d33679696,4,1
0x6c8cde3cf0f7477a95d7d38af78bb3064cace13a,4,1
0xcbbd9156380b4799037d27681b90f052a3f97bf0,4,1
0xc836373d902c13ee97bdce257e1f9a721f684389,4,1
0x882128a190a594497fcbd10cc3fe01bbd7d376fa,4,1
0x8abfbd565eeb00fe94d612979c9a31c7ce777e09,4,1
0x6807830900166286cb4e3f223851ac1a2406ab80,4,1
0xce3af4cb0974ed0fb499764d321aad956a3043ae,4,1
0x71960f009cf83c79b4dc056cee7f639ecb4ddb35,4,1
0x08fad652339879102a04a48af445c336cc00912e,4,1
0x65ad94bb30fb9949f20a02f641d118d20866b706,4,1
0x176acbd427320f671b1b20b13b8aaa810c5ab09c,4,2
0x52e14e8dfc87e8875ce5e9a94019f497b82b3e01,4,1
0xc1fb595850aabd625bbb834d759ad382849341d7,4,1
0x8162b7997ed7454d5b97816ca8cc99eedf6c5b68,4,1
0xbb3c83f8ad93b0339398025032202f20a902dfec,4,1
0x0df6eb5d39fbb171e90e8d547ea654c5ab68cb84,4,1
0x46c903092cb5a67631bfe2c0353f5b17b510f537,4,1
0x0c18dff448a3a4ee5d2a3e78cb2d66326e8c999a,4,1
0x28e135bdeaa7c94eb2ba1e216e88f967698f59e7,4,1
0x498a1e3d13b5640e2eae64cc62d185b22d9a9298,4,1
0x72f1b094b3d64fb6c3378a26a71a0972fb65d1f8,4,1
0xd03ef045b9c67b00e8d2a4fa01006946860fa185,4,1
0x5529e0608cfc0cab5bb86b59cba7e88f0f66dfef,4,1
0xdbf7361dc158f70acf5fd374868292f567b01ff9,4,1
0x7809032ac80875b24b70a3304061e2c333901909,4,1
0x82cd2582c8eb5ff860db2879ac68af1d419998d7,4,1
0xf9a696a00d90500f3541157ad64ff20dc639bfbd,4,1
0xfdf58b4d1c7bd6f03ec8670161df1690168c2857,4,1
0xd84f6e9f97c700857139f66e193e4c25a8b959bb,4,1
0x2b2bb3b36ed6838ee6f2efbfa50b1aa0239fb03d,4,1
0x62f6187c0ea9560e1b266ea4ec7d36ff6e9155d5,4,1
0x278bfd54e7e71346f92ef36c6e34145d14f017cd,4,1
0xac4d65edb18731cde7bcbe91a097c00641f81b02,4,1
0x8995add99d015ebea94daf9e98fc8c5deecbb67e,4,2
0xeca48629a35173a130f0c658037bf30b31a476af,4,1
0x56c599ad8793a18aa208b1fdd0de681e385be4cc,4,1
0x025aea94b05f2c82aa93a818737517ebcc77fab3,4,1
0xfcc0e3c3483be8db051f89a2214cff0074e04299,4,1
0x770df0c71a0a77c368b78cedb88a7cc84e28e2da,4,1
0xfbd367b103f87238d8112443c7cdfee72c13a5c8,4,1
0x77b53f972f404474bef434a61a96cdc375e29a9a,4,1
0x92b72f05bfdba38cde89b0d073b697031dfb9b25,4,1
0xdb732cd8801ed124d9ccfd58a40646acb31b46b0,4,1
0xaaf1533bd543c9548dcbe46c6dd52d2676e9509a,4,1
0x7b56ded18ff37974696447f53b244a3c1ca43e90,4,1
0xafde66f5e19ad751904ae4f8b6ec540a5535bf7f,4,1
0x0889e2e117349e31941a711ecad61713b42b625a,4,1
0xea5aebef95770e6138b01d8a24e7d1576fdb4e53,4,1
0xce315f241b21a2e7522de1c1af9e56506c0123f2,4,1
0x1fdd07f8e42f65e6f4cbff78561699dd506a66de,4,1
0x613dec9001e8087e015fb438540a077c0d26c590,4,1
0x7621f8a9e3673157b65c10ff56636b91e8bdfd89,4,1
0x497452b2b3f5f5f2f4e82b36b67ccdc01964d404,4,1
0xc280efaa2be9cc9643f01fb209d12c7da3266ef0,4,1
0xa42af3cfe26e5fa9b7766f63b15a68f686f18527,4,1
0xd709330228365e80b8dfa90493b93cff55bd0d71,4,1
0xb00e9e4090d31e19a4392d7ef70263a7589340b4,4,1
0xd5363770753094345957130c7790859b2e133682,4,1
0x690edf3ba5efaa1ae4655a1444f19e9fed130424,4,1
0x19cfdf5bc6f703ed3e759c29d475c96f748d31d6,4,2
0x93a822406c0d37f9dc7b3ef6eddcf5b7986c5eac,4,1
0x586aea56aca3172252df16fd74b919b5339416e4,4,1
0xecb4a9eff39fc9508f8224227dd53812d298889c,4,2
0x2914af76734f4c2e91494ccd551fb9d0c4c5a44b,4,1
0xe10f95334b6caab0afb069b605b2973dc6972016,4,1
0x2d946d87b59f26ecbd8d342fb5cd6c743ba73ce9,4,1
0x9c9116400637257334e9f903e25a1fef4f6b1c2c,4,1
0x5a51f05ddabd3b9b8358c5ac40a536eb9410418a,4,1
0x6ea16f1263794f4fbffec6108ab70ef795ec8d45,4,4
0x62eb3e90696d302f80c48d859943f0e244823436,4,1
0xd888267d3884f98768da657aa9d899090bdf5485,4,1
0x58e5981593a25ea79823aaeec437cb09c7438f0a,4,1
0xd638d4c9d4f434df60c671f758f6655c0771da4f,4,1
0xac6e949c2efb34eb07661dbcfcc073f778c6982c,4,1
0xb1331118f4937d82f93651f9bfe70893900751ae,4,1
0x63de8f04e339d383f23a15949b745e4bf803c774,4,1
0x02adca210e728a1799fba603996fa4a653197382,4,2
0xc316fe7dee9ad32c2c99308dc66ddbf111ed178c,4,1
0x63e5c2845bd4d7ff42bcf6665b98c846d4b376a0,4,1
0xe069f62a3ac39e3d82c3396bab7efd65392a4b64,4,1
0xc056790e2532a73bdd833f5bef01015ab3a99f86,4,2
0xda91fcfd48ff450b96e3dc66bb7860c4f4bed364,4,1
0xc1e333414f31d972025cf0eb004e5af3e02c1988,4,1
0x0bc776a118706d92d634cfff57f25350caafd48c,4,1
0x43ad840a4759b4ed570b0e00459a42d75573d489,4,1
0x3b00d4ca1231a858898f983d2878dc97088d5a33,4,1
0x30137b2f0f73f25edc1479046b9f9ce738079fba,4,1
0x66d5a0b035bcd02f57b2f0f5635f01756127e1bc,4,1
0x00cf8b3dc1c6a7038baf4b378d2db59195f49464,4,1
0xe1750a86edfe45c4ffafc9c9b5bcf1daf88853e3,4,1
0xf0b2bd4085cd37fe1ac4bfe9c8c2130b3ccf2dba,4,1
0x2b5d6b9b94d3d38dada1af420ba4bcc110926508,4,1
0xa629b0f2bd00bc1a5b1c43a4e0c5eed1d87bdda4,4,1
0x3f93a81fab766aaaea61a78cd58c8c3e46ab842c,4,1
0xdd8285758b288920b03cc45052f6411023e4e0a2,4,2
0x90320e5b7c314f7eb00c4c2630a90aa11d8ef588,4,3
0x815b5b3f14a452bbb9a82b6cc2e9a65a8958717b,4,1
0xb436845dbcf30030de1f003fbbbc2dd7161e97cd,4,1
0x8078dbe677642f385d865f669caf2cd4ac06a771,4,1
0xc0f844dd793f48a4a9f13c4dfa6a2f342fe72d5e,4,1
0x0ddd9dd9b77d3ba97b2496e3590787def887a95b,4,1
0x15e71e54b534856eb4dc2bc1e6b168494e2c71eb,4,1
0xe46b0925283c47278115840c907e9d73ca6ef4b2,4,1
0x344621c5ae18e9493cdc5e096965bf80277dc530,4,1
0xd951664918ab93320292aaaa2d4bf135cd664306,4,2
0x1a16fdce31cabafb6c9c101e80ce8f8c8e57e640,4,1
0xbf3ae7d893684ddda4591228b2fef649f7d76a75,4,1
0xf0cd766110ff24515514b88f82aa4dd0195499d1,4,1
0x6a9d02ba456b1310cc17b33ff9a0df9157d4420a,4,2
0xc1222a4aaa9885870c2421eafe7dec49da243591,4,1
0xcb674214c390ef0ff7de6098fcf41a563af85ef2,4,1
0xcab38f1c738042e1e1208da1d4c6e53dd83c80df,4,2
0x8103e54247831647edd25493015dd9c8d40c1ce6,4,2
0xa83fdc31bbd9dbdf16b1aa69176bcc5a86c75574,4,1
0xb7cc3203b8ce16db041507da844f1be1897bf988,4,1
0x30a21ece1aeefcd4b5fd4c9369e9b3183ee1d00b,4,1
0xb9a9efa7675c1529db1690cddf52b90483fbe4a2,4,2
0x34868c92fa1a64b95b2c650b31e1e89883eb5cb6,4,1
0x9fc175cc60e49fde20b9ed820ef9a2f866cdc36f,4,1
0x94b746a5a3ce22e6181d30f3d40677acf4ecc3a1,4,2
0xd1a59a079ffcdbc795c317796b5ec1a6ea1a3c66,4,1
0x934bcea7b67c92ba76598fcd651761118528ab02,4,1
0x8377ecf99eeb706c96983f72f0c9c11772e781d3,4,1
0xd3471424459cd65976ce1ea9f2f684cfa13e377f,4,1
0xaae332a96ba73fed1808d8a3c1a97b3c96bab645,4,1
0x5060f72a04d9af728b45860120db6216eeecd232,4,2
0x495b06e81c8c0741018996d40cafc59fbabce273,4,1
0xa1c23a4d232dc6268038f273299d463787bde8c3,4,1
0x77cb957e319d29ffac1c0f91fb5873d08b15aba5,4,1
0xcd7ab7280b0dbb253eb109381daa07a0163c58b6,4,1
0xe0f9dcde2a14950ecbd795919f332a7eb3a5cd2b,4,1
0x3869dbae46454efb20e20c136e751a272922530d,4,1
0x0682c4c713d70b24b62f388bc0eba20c3560f43e,4,7
0xf3d0cb1b3db63a5f98a0ecb05d0d9f263058b7cb,4,1
0x6752cbf5a47181cd8db13032f4223e101fe81fa8,4,1
0x41a5709c7dfdc50b037272a09f342d6d809ff3bf,4,1
0xedb74637a3c2d25649a37d4b878f8157e49b4153,4,1
0xe1fb6d06c7928021c1eb7d1de9358f6401432dee,4,1
0x67f4b1fbc776634565e6de126ad4ad94b7776aa6,4,1
0x84c08e5de4e1298617d028df4f25724445ba63fb,4,1
0xbd51acc5ced1c00cfc73d5cbcba2e48a0e928aae,4,1
0xddd172de4bd1b9ddf91608133c4ab7fc3b27f79e,4,1
0xd39db2b1829a4b9e2bc10cc4bccc1f1f883b0f7d,4,1
0x6169258f2614bc198768770d9820ebabda92bc39,4,1
0x99ba29ba70bb05bc1a5c0be06f54b922388af4e3,4,1
0xe7dc100100f80e7304c683c836a533a5b895303f,4,1
0xc34d20affd764f61a22e929f7c4d95da5583d89e,4,1
0x04ba7c0a34eea81f48c4e3f87f1f025a2a6b21de,4,1
0xb74ae99f89d0b8edfb8041702cafb1357b170169,4,1
0x07a5c501e39e252cfbb4e510fd20e8af6419579b,4,1
0xc3fc88634670cecee10f9273b5d56fb710cef24d,4,1
0xaac0668464082652c2b9acd12e0d4ce4c6b27050,4,1
0x49dfae3eedd076fcb29c8f81e3bb05abf4bb932f,4,1
0x2c419c8b207b10b39673482d83caa3e11f3604c5,4,1
0x2a08585506eb0d3da261d7ce83352b4ee22f515d,4,1
0x5be619f89816bbe22483d391deeddd39742b0667,4,1
0x090f0a162fa59f360d4004e6146091ec5b0d06bd,4,1
0x103c7bd84c68d336254cd9760172b5b046d96f3b,4,1
0x62095c2a786433d9bb90f4d3a346012e0c7339ef,4,1
0x2bfab3a97d68740b438944712b9cceaf1c567f1b,4,1
0x9ee6a7b988ac00eb5fc8c995f22ee35ca68fd3ac,4,1
0xad2baca69228ace82cfd922ff2851068743e7edd,4,2
0x163b20e4c0faff758e194e115fb21f7f10c15085,4,1
0xabc686e449575f22fd5c4ba98f200dad193b02eb,4,1
0xfa3e34a060d92b4cb6af21f101dcbd362c4154fd,4,1
0x3e0543dd5ac2d77499bf75981eea5fa139bd077a,4,1
0x4ef3f5564f269562f42ec4f1a0500581c53339dc,4,1
0x3f3b17da678a495ebec8a061657cb6cfa4901531,4,1
0xcaf3f1e5c6b4bce7131ca20ebd141d7c93528a89,4,1
0xc229a059b069ef4e9ddcd6f099ff7a23c7f6fd30,4,1
0x0ed746e4e9fe4443693119bf26e3dc6955bd125d,4,1
0x155ceb208336d8166cd88b0f596eb7ac38f3a983,4,1
0x9b99c5d348252bf11054e8c9c6759276b52f4093,4,1
0x52047f10727cef3e68bf80d05013672b5b344f64,4,2
0xe88d915ead3fb50afc0c18e37e8785fd2e67f129,4,1
0x15ca18d689442e684ba2490b4df8a8ebdf4b010a,4,1
0x081f654b71917476bbaaefeef1aad3b89dc5a7d9,4,1
0x74a5ca1737502bbc8df4eb5acd8cfe70341c5acb,4,1
0xfb587357af43f37d8a1cd75935ba58d5eeafa83e,4,1
0x1451848c2bf6157cb136b8b4016835b32f8ecec3,4,1
0xb54d377a2c27af3ef4dfba0671a9778f56895153,4,1
0x84f0cee6916d7bdceb696ff8d8dd6f1ef0d18e9f,4,1
0xfa04e6aa48cc3888d40a3152ff479c76d2b7c7ec,4,1
0xbba1d8c8b363bd0605105f6878885f44d6b2467a,4,1
0x50c6c11b79c5aa2dd521d9489832e48bd46b0623,4,1
0x9ca93fe74925dda64e7734a5ac0851ecd8ae0604,4,1
0x6bf7b7e2f3b4e6cb1968c055de4bd185dc17fa44,4,1
0x5665785813011a5c37c10972f8d3d463441637c3,4,1
0xfe105ae13119b9063557d26d9e69574f9b30d8b3,4,2
0xf6da447871941d85af4dd7060dfcbd40fd05736f,4,1
0x91c107cfc0f53852f6581b32addb4d5c3d77aed3,4,1
0xa97b9ae7d99f596581b6646d3080271a4de7fc4d,4,4
0xdb0bbd345da042734af37a27fd87f9178f724d9c,4,1
0xb18c385a81c40f1f7b70fe026455f4ea5e425cef,4,1
0x88889778402dcf6cf363bb9ac47f7a2d8e77a2af,4,1
0x0361a7978288e5faa6c266ac7c2e8f87dfde224f,4,1
0xebc6e39caccc0c1bff0e90d8a55510ccc1cdf7bd,4,1
0x49a687a71c379f5c5ef4e28171ada117f2c0a29e,4,1
0xc6a617de8de20f9ae61d43e75970cf3538690641,4,1
0xf0e91645ae965ce8d159cf659ba435c4bb11bc5a,4,1
0xb824cd7c2ac197a2d64d9a0eac39c413f2b2a9ee,4,1
0x13eb5af579c50b81557b3cbb4374d1d90b56d33c,4,1
0x266ec06e0d678d1d3a99815f53383cffdb809054,4,1
0x0ec6fc29ee8a6453a323c26f3f297c1f00dd0b81,4,1
0xf03d88a9f1b69283914f2101fe9a0dc9afe80481,4,1
0x6e19ce8af8c4eb668840680a38c12fd7390cdc42,4,1
0x08ca0954cffbc3b71a53c54fba76cce386b46334,4,2
0x406062ae248092340fabe77adb78141ecf783b67,4,1
0x32b0981698199e8260b040942cb267b33acea36c,4,1
0xc38d773623dbb7bce13937c5ebadd42efd2d0049,4,1
0xba4204e37ff54cc7129979fe9482dacd1fc4ead2,4,1
0x4088d02d9198fc9471f37ce1789e2c6c9658a9ce,4,2
0x7bb03242657489cb6cc3269e7c2b63c2aeb45399,4,1
0x6c3f58a92e8a7fe571cf4e3f25ec9de3ce2cef35,4,1
0xda4414da40a32c13fe27f48ca8195cfb45698e6d,4,1
0x34cc62a979b2f4a3d757a6527ad6835c6284b6b9,4,1
0x7cc2c385b541107b9f74d9d830fa3c250bd2eb7e,4,1
0xf009d057f8210c380c68d383aa7ffee8f9e6df74,4,1
0x26e6eb2dbe3f90d940a0f224fd556f946b5fe26f,4,1
0x9d604804d6b26ee72fc5346aa4ab0b3a57753fb9,4,1
0x453e3baaefd5de6f40054da0c31845f4ebdc3326,4,1
0xd7d12e0ad27c0fb89b9771f6c8aab2201b911e0a,4,1
0xdadf6c1f3eb2c4a4c3ab9a0ab4a8bb962643fc00,4,1
0xf4eb38692b461f5ba43a27759ee6d2a0fa210824,4,1
0x29b8641838e95c9c40ff43eac0fe25a161850d5d,4,1
0xdd27c842d415da1ea952524745b98251b00e0fb9,4,1
0xa9193ee37d05847b1c7d9681bfbd2e0dc83f0df9,4,1
0x8905bb1287298bd91443d7f54ead851d6113bedd,4,1
0x304784a01257e77f17026fae0260ab3bdd1a1fba,4,1
0x509eff672dd32215fed920499302bbafcc2e1513,4,1
0x6cdc28dbe15e79610f22e77e52ce1d3b8fb063df,4,1
0x8fd441b0301dbb19f4604dc4215af97f9de246e9,4,1
0x86cbfc0279c38c2fc97d184de9c1d24f6ab01763,4,1
0x863ebe84ac272d97de9c6da4a9b8f9977a68e7f8,4,1
0x17a50fc210ac1174c24e2d0910bcf78d94a9cf0b,4,2
0xa6faf875e665f5c3a48246cb240e534e889792ed,4,1
0x7225e37f11c81fdfd6bd6f4a9955c18ef0ce4e5d,4,1
0xbe6b4b9d33e15e17a3852a6e7bfea0f0a126363d,4,1
0xcd4f690c5f45c8e1be5e4ab3feaea7f72cae411e,4,1
